CHROM	POS	ID	REF	ALT	QUAL	FILTER	AC	AF	AN	ANN	AS_InbreedingCoeff	AS_QD	BaseQRankSum	CDS	DP	ExcessHet	FS	InbreedingCoeff	MLEAC	MLEAF	MQ	MQRankSum	TRAIN_SITE	QD	ReadPosRankSum	RegionType	SQR	VQSLOD	culprit
Pf3D7_02_v3	629996	.	C	A,T	7889440	PASS	4005,4	0.0727256,7.26348e-05	55070	A|missense_variant|MODERATE|PF3D7_0215300|PF3D7_0215300|transcript|PF3D7_0215300.1|protein_coding|1/1|c.1313G>T|p.Cys438Phe|2686/4591/1313/2667|438/888||,T|missense_variant|MODERATE|PF3D7_0215300|PF3D7_0215300|transcript|PF3D7_0215300.1|protein_coding|1/1|c.1313G>A|p.Cys438Tyr|2686/4591/1313/2667|438/888||	0.5272,0.302	25.9,0	4.06	CDS	2387069	0	0	0.604	4891,3	0.073,4.501e-05	60	0	NA	25.9	0.043	Core	SOR=0.697	10.22	MQRankSum
Pf3D7_02_v3	630290	.	A	T	11784600	PASS	6568	0.118526	55414	T|missense_variant|MODERATE|PF3D7_0215300|PF3D7_0215300|transcript|PF3D7_0215300.1|protein_coding|1/1|c.1019T>A|p.Met340Lys|2392/4591/1019/2667|340/888||	0.6404	26.26	-1.072	CDS	2365947	0	0	0.6404	7946	0.119	60	0	NA	26.26	0.083	Core	SOR=0.69	10.45	MQRankSum
Pf3D7_02_v3	631190	.	T	A,C	11079300	PASS	7454,1	0.12442,1.66917e-05	59910	A|missense_variant|MODERATE|PF3D7_0215300|PF3D7_0215300|transcript|PF3D7_0215300.1|protein_coding|1/1|c.119A>T|p.Tyr40Phe|1492/4591/119/2667|40/888||,C|missense_variant|MODERATE|PF3D7_0215300|PF3D7_0215300|transcript|PF3D7_0215300.1|protein_coding|1/1|c.119A>G|p.Tyr40Cys|1492/4591/119/2667|40/888||	0.6795,0.3249	26.48,0	1.24	CDS	2187687	0	0.721	0.7021	8325,1	0.125,1.5e-05	60	0	NA	26.48	0.094	Core	SOR=0.823	7.13	MQRankSum
Pf3D7_02_v3	814288	.	C	T	24558900	PASS	3608	0.0591689	60978	T|missense_variant|MODERATE|PF3D7_0220300|PF3D7_0220300|transcript|PF3D7_0220300.1|protein_coding|2/2|c.178G>A|p.Asp60Asn|1377/2773|178/639|60/212||	0.6016	27.89	8.4	CDS	6714795	0	0	0.6441	3980	0.06	60	0	NA	27.89	-0.012	Core	SOR=0.763	9.72	MQRankSum
Pf3D7_02_v3	814329	.	A	G	18055300	PASS	3498	0.0573123	61034	G|missense_variant|MODERATE|PF3D7_0220300|PF3D7_0220300|transcript|PF3D7_0220300.1|protein_coding|2/2|c.137T>C|p.Ile46Thr|1336/2773|137/639|46/212||	0.6429	21.41	-8.038	CDS	6524062	0	0	0.6429	3839	0.058	60	0	NA	21.51	0.097	Core	SOR=0.731	9.64	MQRankSum
Pf3D7_03_v3	140167	.	T	G,C	21724400	Low_VQSLOD	29135,6214	0.659431,0.140646	44182	C|missense_variant|MODERATE|PF3D7_0302500|PF3D7_0302500|transcript|PF3D7_0302500.1|protein_coding|9/9|c.3761T>C|p.Ile1254Thr|4693/5711|3761/4254|1254/1417||,G|missense_variant|MODERATE|PF3D7_0302500|PF3D7_0302500|transcript|PF3D7_0302500.1|protein_coding|9/9|c.3761T>G|p.Ile1254Arg|4693/5711|3761/4254|1254/1417||	0.3437,0.3635	24.54,22.22	-2.823	CDS	881199	0	30.788	0.4	44914,9396	0.674,0.141	38.04	0	NEGATIVE_TRAIN_SITE	27.05	0.069	Core	SOR=1.068	-1.777	MQRankSum
Pf3D7_03_v3	79845	.	G	A,T	80498200	PASS	52589,1	0.937115,1.78196e-05	56118	A|missense_variant|MODERATE|PF3D7_0301200|PF3D7_0301200|transcript|PF3D7_0301200.1|protein_coding|2/3|c.410C>T|p.Ser137Phe|1300/2764|410/1833|137/610||,T|missense_variant|MODERATE|PF3D7_0301200|PF3D7_0301200|transcript|PF3D7_0301200.1|protein_coding|2/3|c.410C>A|p.Ser137Tyr|1300/2764|410/1833|137/610||	0.6893,0.3407	33.12,0.01	1.82	CDS	2652099	0	0	0.6452	62756,1	0.942,1.5e-05	60	0	POSITIVE_TRAIN_SITE	33.11	0.015	Core	SOR=0.746	11.83	MQRankSum
Pf3D7_04_v3	1121472	.	T	A	124548000	PASS	50302	0.902246	55752	A|missense_variant|MODERATE|PF3D7_0424700|PF3D7_0424700|transcript|PF3D7_0424700.1|protein_coding|2/3|c.2878T>A|p.Leu960Ile|5412/7078|2878/3669|960/1222||	0.6668	34.73	1.24	CDS	3147907	0	0	0.6668	60579	0.909	59.99	0	POSITIVE_TRAIN_SITE	28.22	0.055	Core	SOR=0.661	11.98	MQRankSum
Pf3D7_04_v3	1122147	.	A	C	65565900	PASS	50508	0.85459	59102	C|missense_variant|MODERATE|PF3D7_0424700|PF3D7_0424700|transcript|PF3D7_0424700.1|protein_coding|2/3|c.3553A>C|p.Lys1185Gln|6087/7078|3553/3669|1185/1222||	0.6843	26.05	1.39	CDS	3071986	0	0	0.6735	57469	0.862	59.99	0	POSITIVE_TRAIN_SITE	26.05	0.082	Core	SOR=0.777	10.35	MQRankSum
Pf3D7_07_v3	403625	.	A	C	60396100	PASS	29972	0.512763	58452	C|missense_variant|MODERATE|PF3D7_0709000|PF3D7_0709000|transcript|PF3D7_0709000.1|protein_coding|2/13|c.227A>C|p.Lys76Thr|1064/2136|227/1275|76/424||,AACCTATTGGATATATATATATATATATATATATATATGTATACCCATATGTATT|conservative_inframe_insertion|MODERATE|PF3D7_0709000|PF3D7_0709000|transcript|PF3D7_0709000.1|protein_coding|2/13|c.228_229insCCTATTGGATATATATATATATATATATATATATATGTATACCCATATGTATTA|p.Lys76_Ile77insProIleGlyTyrIleTyrIleTyrIleTyrIleTyrValTyrProTyrValLeu|1066/2136|229/1275|77/424||INFO_REALIGN_3_PRIME	0.8067	31.23	-3.465	CDS	2540670	0	0	0.811	34698	0.521	59.99	0	NA	26.59	0.222	Core	SOR=0.711	21.7	MQRankSum
Pf3D7_09_v3	1428875	.	A	T	1631720	PASS	645	0.0109085	59128	T|5_prime_UTR_variant|MODIFIER|PF3D7_0936000|PF3D7_0936000|transcript|PF3D7_0936000.1|protein_coding|1/2|c.-853T>A|||||853|,AT|5_prime_UTR_variant|MODIFIER|PF3D7_0936000|PF3D7_0936000|transcript|PF3D7_0936000.1|protein_coding|1/2|c.-854dupA|||||854|,ATT|5_prime_UTR_variant|MODIFIER|PF3D7_0936000|PF3D7_0936000|transcript|PF3D7_0936000.1|protein_coding|1/2|c.-855_-854dupAA|||||854|	0.3227	21.63	1.85	NA	3337133	0	0	0.5212	744	0.011	59.98	0	NA	21.56	0.09	Core	SOR=0.715	21	MQRankSum
Pf3D7_11_v3	1057437	.	T	C	12490100	PASS	9826	0.164667	59672	C|missense_variant|MODERATE|PF3D7_1127000|PF3D7_1127000|transcript|PF3D7_1127000.1|protein_coding|3/7|c.226A>G|p.Lys76Glu|949/2084|226/864|76/287||	0.718	22.92	-4.254	CDS	2634555	0	0	0.7343	11061	0.166	59.99	0	NA	22.92	0.158	Core	SOR=0.698	10.19	MQRankSum
Pf3D7_11_v3	1058035	.	T	A	16254000	PASS	9425	0.157461	59856	A|missense_variant|MODERATE|PF3D7_1127000|PF3D7_1127000|transcript|PF3D7_1127000.1|protein_coding|1/7|c.20A>T|p.Asp7Val|743/2084|20/864|7/287||	0.6935	27.82	-1.009	CDS	3535953	0	0	0.7104	10612	0.159	59.99	0	NA	27.83	0.078	Core	SOR=0.664	10.37	MQRankSum
