ID,PMID,DOI,Hardy-Weinberg value,hbaa,hbas,hbss,HbAC,HbSC,HbCC,HbFA,HbFAS,HbFS,HbFSC,HbFAC,Other bloodtyping,Typing method,Demographic (age in years),Spatial location(s),ADM-0 (country),ADM-1,ADM-2,ADM-3,ADM-4,Adjusted longitude,Adjusted latitude,Original longitude,Original latitude,API ADM,API Lon,Lon-API Lon,API Lat,Lat-API Lat,Spatial accuracy,Area finest spatial unit [sq.km],Study period FROM,Study period TO,Publication year,identifiedproblem
1,31714694,10.13110/humanbiology.90.4.02,1.001286598,769,49,1,,,,,,,,,,genotyping,adults and adolescents,Buenaventura municipality,Colombia,Valle del Cauca Department,Buenaventura,,,-77.0710,3.8890,-77.0710,3.8890,Buenaventura,-77.0197,-0.0513,3.883047,0.0060,ADM-2,6292,NA,NA,2019,FALSE
2,24038490,10.1002/ajh.23578,,,,,,,,28182,7666,550,7,21,27,bloodtyping,newborns,two hospitals in Luanda,Angola,Luanda province,Luanda municipality,,,13.3171,-8.8678,13.3171,-8.8678,Luanda municipality,13.23018,0.0869,-8.81466,-0.0531,ADM-2,18835,1/7/2011,30/6/2013,2013,FALSE
3,26687956,10.1016/S2352-3026(15)00043-5,1.021369332,1206,220,2,103,11,1,,,,,,,HPLC,0.5-17 years,"Adjacent villages of Kenieroba, Fourda, and Bozokin",Mali,Koulikoro,Kati (to be checked),,"Kenieroba, Fourda, and Bozokin",-9.4932,13.1144,-9.4932,13.1144,"Kenieroba, Fourda, and Bozokin",-8.33151,-1.1617,12.11328,1.0011,ADM-4,625,5/1/2008,12/29/2011,2015,FALSE
4,31037173,10.11604/pamj.2018.31.113.15097,1.033699736,169,38,0,1,0,0,,,,,,,Sysmex haematology autoanalyser,1-14 years,"Majority of the patients: Lagos and other states in the southwest geopolitical zone of the country, with a few coming from the rest of Nigeria and neighbouring West African countries.",Nigeria,Lagos,Lagos,Yaba,,,,,,Yaba,,0.0000,,0.0000,ADM-0,,3/1/2017,7/31/2017,2018,FALSE
5,25271992,10.3109/03630269.2014.963234,1.025360749,359,68,0,115,9,19,,,,,,,electro-phoresis at alkaline pH,6-9 years,children attending the four public primary schools of the Agbande ?-Yaka Township in the administrationtown of Doufelgou in Togo,Togo,Kara,Doufelgou,,,1.0991,9.8069,1.0991,9.8069,Doufelgou,1.09694,0.0022,9.766113,0.0408,ADM-2,500,3/1/2010,6/30/2010,2014,FALSE
6,23513007,10.1177/1010539513480231,1.000918274,160,5,0,,,,,,,,,,automated blood cell counter (Syxmex K-1000),2-70 years,Bondo tribe,India,Odisha,Malkangiri,,,81.9000,18.3500,81.9000,18.3500,Malkangiri,81.88253,0.0175,18.34359,0.0064,ADM-2,6000,1/1/2000,31/12/2005,2013,FALSE
7,23513007,10.1177/1010539513480231,0.9927807642,218,8,1,,,,,,,,,,automated blood cell counter (Syxmex K-1000),2-70 years,Didayi tribe,India,Odisha,Malkangiri,,,81.9000,18.3500,81.9000,18.3500,Malkangiri,81.88253,0.0175,18.34359,0.0064,ADM-2,6000,1/1/2000,31/12/2005,2013,FALSE
8,23513007,10.1177/1010539513480231,0.9960162606,448,8,1,,,,,,,,,,automated blood cell counter (Syxmex K-1000),2-70 years,Juanga tribe,India,Odisha,Kandhamal,,,84.0806,20.1608,84.0806,20.1608,Kandhamal,84.01674,0.0639,20.1342,0.0266,ADM-2,7600,1/1/2000,31/12/2005,2013,FALSE
9,23513007,10.1177/1010539513480231,0.9899377778,366,7,2,,,,,,,,,,automated blood cell counter (Syxmex K-1000),2-70 years,Kondha tribe,India,Odisha,Keonjhar,,,85.5861,21.6245,85.5861,21.6245,Keonjhar,85.58168,0.0044,21.62893,-0.0044,ADM-2,8300,1/1/2000,31/12/2005,2013,FALSE
10,23513007,10.1177/1010539513480231,0.9925525105,535,61,6,,,,,,,,,,automated blood cell counter (Syxmex K-1000),2-70 years,Madia tribe,India,Maharshtra,Gadchiroli,,,80.0028,20.1854,80.0028,20.1854,Gadchiroli,79.9948,0.0080,20.18487,0.0005,ADM-2,14400,1/1/2000,31/12/2005,2013,FALSE
11,23513007,10.1177/1010539513480231,0.9900571994,526,62,7,,,,,,,,,,automated blood cell counter (Syxmex K-1000),2-70 years,Kolam Tribe,India,Maharshtra,Yavatmal,,,78.1204,20.3888,78.1204,20.3888,Yavatmal,78.13068,-0.0103,20.38994,-0.0011,ADM-2,13500,1/1/2000,31/12/2005,2013,FALSE
12,23513007,10.1177/1010539513480231,1.00744589,766,109,4,,,,,,,,,,automated blood cell counter (Syxmex K-1000),2-70 years,Katkari Tribe,India,Maharshtra,Raigad,,,73.1662,18.2331,73.1662,18.2331,Raigad,73.09469,0.0715,18.73579,-0.5027,ADM-2,7000,1/1/2000,31/12/2005,2013,FALSE
13,23513007,10.1177/1010539513480231,1.013690366,244,40,1,,,,,,,,,,automated blood cell counter (Syxmex K-1000),2-70 years,Kotvadia tribe,India,Gujarat,Sabarkantha ,,,72.9933,23.2531,73.4090,23.2531,Sabarkantha,72.9933,0.4157,23.84767,-0.5946,ADM-2,7400,1/1/2000,31/12/2005,2013,FALSE
14,23513007,10.1177/1010539513480231,1.014267992,575,78,0,,,,,,,,,,automated blood cell counter (Syxmex K-1000),2-70 years,Kolcha Tribe,India,Gujarat,Navsari,,,72.9529,20.9467,72.9529,20.9467,Navsari,72.95203,0.0009,20.9467,0.0000,ADM-2,2200,1/1/2000,31/12/2005,2013,FALSE
15,23513007,10.1177/1010539513480231,1.023478148,105,19,0,,,,,,,,,,automated blood cell counter (Syxmex K-1000),2-70 years,Kathodi Tribe,India,Gujarat,Surat,,,72.8311,21.1702,72.8311,21.1702,Surat,72.83106,0.0000,21.17024,0.0000,ADM-2,4400,1/1/2000,31/12/2005,2013,FALSE
16,23513007,10.1177/1010539513480231,1.01201562,553,125,9,,,,,,,,,,automated blood cell counter (Syxmex K-1000),2-70 years,Irula Tribe,India,Tamil Nado,Nilgiri,,,76.6932,11.4009,76.6932,11.4009,Nilgiri,76.73365,-0.0404,11.4916,-0.0907,ADM-2,2400,1/1/2000,31/12/2005,2013,FALSE
17,23513007,10.1177/1010539513480231,1.01026747,311,68,5,,,,,,,,,,automated blood cell counter (Syxmex K-1000),2-70 years,Kurumba,India,Tamil Nado,Nilgiri,,,76.6932,11.4009,76.6932,11.4009,Nilgiri,76.73365,-0.0404,11.4916,-0.0907,ADM-2,2400,1/1/2000,31/12/2005,2013,FALSE
18,23513007,10.1177/1010539513480231,1.019183288,250,67,5,,,,,,,,,,automated blood cell counter (Syxmex K-1000),2-70 years,Moolu Kurumba,India,Tamil Nado,Nilgiri,,,76.6932,11.4009,76.6932,11.4009,Nilgiri,76.73365,-0.0404,11.4916,-0.0907,ADM-2,2400,1/1/2000,31/12/2005,2013,FALSE
19,23513007,10.1177/1010539513480231,1.013686383,236,60,5,,,,,,,,,,automated blood cell counter (Syxmex K-1000),2-70 years,Paniya,India,Tamil Nado,Nilgiri,,,76.6932,11.4009,76.6932,11.4009,Nilgiri,76.73365,-0.0404,11.4916,-0.0907,ADM-2,2400,1/1/2000,31/12/2005,2013,FALSE
20,28589738,10.1080/03630269.2017.1321014,1,87,0,0,8,2,1,,,,,,,HPLC,6-12 years,Laje dos Negros,Brazil,Baia,Laje dos Negros,,,-40.9604,-10.1830,-40.9604,-10.1830,Laje dos Negros,-41.0394,0.0790,-10.2263,0.0433,ADM-2,2500,1/10/2010,31/3/2011,2017,FALSE
21,28589738,10.1080/03630269.2017.1321014,1.001073011,1116,61,1,65,2,1,,,,,,,HPLC,6-12 years,São Francisco do Conde,Brazil,Baia,São Francisco do Conde,,,-38.6775,-12.6184,-38.6775,-12.6184,São Francisco do Conde,-38.6779,0.0004,-12.6272,0.0088,ADM-2,260,1/10/2010,31/3/2011,2017,FALSE
22,28589738,10.1080/03630269.2017.1321014,0.9922565459,1152,67,7,2,4,0,,,,,,8,HPLC,1-89 years,Piauí,Brazil,Piauí,,,,-43.1747,-8.2479,-42.2042,-8.2479,Piauí,-43.1747,0.9705,-8.32295,0.0751,ADM-1,251529,1/10/2010,31/3/2011,2017,FALSE
23,28589738,10.1080/03630269.2017.1321014,0.9952147404,245,13,1,0,0,0,,,,,,,HPLC,10-88 years,Saracura and Arapem,Brazil,Pará,,,,-52.7028,-6.2071,-48.2176,-1.3087,Pará,-52.7028,4.4852,-6.2071,4.8984,ADM-1,1247689,1/10/2010,31/3/2011,2017,FALSE
24,26658219,10.1136/jclinpath-2015-203199,1.016608997,272,64,4,,,,,,,,,9,Sysmex XP-300 automated blood counter,6-12 years,Siwa,Egypt,Matrouh Governorate,Siwa,Siwa Oasis,,25.5178,29.2011,25.5178,29.2011,Siwa Oasis,25.51955,-0.0017,29.20317,-0.0021,ADM-3,1600,NA,NA,2016,FALSE
25,23757318,10.1002/ajh.23510,,,,,,,,1941,247,10,3,57,,bloodtyping,newborns,Port-au-Prince,Haiti,Ouest,Arrondissement de Port-au-Prince,Port-au-Prince,,-72.3350,18.5392,-72.3350,18.5392,Port-au-Prince,-72.3074,-0.0276,18.5944,-0.0552,ADM-3,36,1/10/2010,31/12/2010,2013,FALSE
26,29313430,10.1080/03630269.2017.1414058,0.9970943859,2516,101,6,,,,,,,,,,gelelectrophoresis,0.5-40 years,Tharu population,Nepal,Lumbini Province,Dang District,,,73.7007,20.8254,82.5315,27.9758,Dang District,73.70071,8.8308,20.82538,7.1504,ADM-2,2952,NA,NA,2017,FALSE
27,24398797,10.1038/ejhg.2013.286,,,,,,,,33733,265,10,4,23,49,HPLC ,newborns,Berlin,Germany,Berlin,Berlin,,,13.4050,52.5200,13.4050,52.5200,Berlin,13.40495,0.0000,52.52001,0.0000,ADM-2,892,1/9/2011,30/11/2012,2014,FALSE
28,22712682,10.3109/03630269.2012.691434,,,,,,,,7595,536,88,,,8,HPLC,mothers and newborns,Nagpur district,India,Maharashtra,Nagpur district,,,79.0881,21.1460,79.0881,21.1460,Nagpur district,79.19999,-0.1119,21.31702,-0.1710,ADM-2,230,1/10/2009,1/8/2011,2012,FALSE
29,25707678,10.3109/03630269.2015.1012294,1.056465052,154,48,0,,,,,,,,,,Chelex-based method ,2 months - 90 years,"Ciriboya, Colón",Honduras,Colón,Iriona,Ciriboya,,-85.2105,15.5455,-85.2105,15.5455,Ciriboya,-85.1827,-0.0278,15.90436,-0.3589,ADM-3,1663,1/1/2014,31/1/2014,2015,FALSE
30,29233055,10.1080/03630269.2017.1405820,1.000053822,12017,179,1,,,1,,,,,,95,bloodtyping,mothers and newborns,Modena,Italy,Emilia-Romagna,Modena,,,10.9252,44.6471,10.9252,44.6471,Modena,10.92523,0.0000,44.64713,0.0000,ADM-2,2688,1/1/2011,31/1/2013,2017,FALSE
31,23557107,10.1186/1756-0500-6-132,1.023219955,89,16,0,1,,0,,,,,,,Minicap capillary electrophoresis ,16-81 years,"Ambuqui Parish (Parroquia)",Ecuador,Imbabura Province,"Ibarra Canton","Ambuqui Parish (Parroquia)",,-78.1494,0.3989,-78.1494,0.3989,Ambuqui Parish (Parroquia),-78.0053,-0.1441,0.447329,-0.0484,ADM-3,500,NA,NA,2013,FALSE
32,20800861,10.1016/j.trstmh.2010.08.001,1.001344535,1496,157,7,415,17,16,,,,,,,"HemoCuephotometer(HemoCueAB,Ångelholm,Sweden)",0.5-9 years ,Northern Region,Ghana,Northern Region,,,,-0.1495,9.4494,-0.8509,9.4494,Northern Region,-0.1495,-0.7014,9.367277,0.0821,ADM-1,70384,1/1/2002,30/4/2002,2010,FALSE
33,36386848,10.3389/fgene.2022.1013858,1.035019596,130,35,1,1,,,,,,,,,HemoType SC,newborns,UATH: University of Abuja Teaching Hospital,Nigeria,Abuja,Gwagwalada,,,7.4913,9.0723,7.4913,9.0723,Gwagwalada,7.076737,0.4146,8.950833,0.1214,ADM-1,1480,NA,NA,2022,FALSE
34,36386848,10.3389/fgene.2022.1013859,1.023668639,11,2,,,,,,,,,,,HemoType SC,newborns,KHC: Kutunku Health Center,Nigeria,Abuja,Gwagwalada,Kutunku,,7.4913,9.0723,7.4913,9.0723,Kutunku,6.059913,1.4314,9.789668,-0.7174,ADM-1,1480,NA,NA,2022,FALSE
35,36386848,10.3389/fgene.2022.1013860,1.04,20,5,,,,,,,,,,,HemoType SC,newborns,TUNG: Tunga Maje Primary Health Center,Nigeria,Abuja,Gwagwalada,Tunga Maje,,7.4913,9.0723,7.4913,9.0723,Tunga Maje,7.192497,0.2988,9.055627,0.0166,ADM-1,1480,NA,NA,2022,FALSE
36,36386848,10.3389/fgene.2022.1013861,1.04,12,3,,,,,,,,,,,HemoType SC,newborns,ORO: Orozo Primary Health Center,Nigeria,Abuja,Federal Capital Territory ,Orozo,,7.4913,9.0723,7.4913,9.0723,Orozo,7.570769,-0.0795,8.89999,0.1723,ADM-1,1480,NA,NA,2022,FALSE
37,36386848,10.3389/fgene.2022.1013862,1.006072084,208,50,5,,,,,,,,,,HemoType SC,newborns,GTC: Gwagwalada Town Clinic,Nigeria,Abuja,Gwagwalada,,,7.4913,9.0723,7.4913,9.0723,Gwagwalada,7.076737,0.4146,8.950833,0.1214,ADM-1,1480,NA,NA,2022,FALSE
38,30538594,10.2147/JBM.S177203,1.000836691,235,7,,,,,,,,,,,Rapid  sickle  cell  hemoglobin-S  (dithionate  qualitative  solubility) test,18-49 years,"Namisindwa District, Eastern Region, Uganda",Uganda,Eastern Region,Namisindwa,,,34.3677,0.9076,34.3677,0.9076,Namisindwa,,34.3677,,0.9076,ADM-2,250,1/5/2017,1/11/2017,2022,FALSE
39,26739520,10.1002/pbc.25875,,,,,,,,2418,274,28,,28,37, isoelectric focusing,newborns,Monrovia,Liberia,Montserrado County,Greater Monrovia District ,Monrovia,,-10.7605,6.2907,-10.7605,6.2907,Monrovia,-10.8074,0.0469,6.315607,-0.0249,ADM-3,20,NA,NA,2016,FALSE
40,20569434,10.1186/1471-2326-10-5,1.002322852,231,50,5,,,,,,,,,,Hb electrophoresis,0.5-5 years,Mbale and Sironko districts,Uganda,Eastern Region,Mbale and Sironko districts,,,34.1875,1.1415,34.1876,1.1415,Mbale and Sironko districts,34.18101,0.0065,1.078444,0.0630,ADM-2,5000,1/3/2007,31/8/2007,2010,FALSE
41,20569434,10.1186/1471-2326-10-5,1.000883857,359,11,0,,,,,,,,,,Hb electrophoresis,0.5-5 years,Mbarara and Ntungamo districts,Uganda,Western Region,Mbarara and Ntungamo districts,,,30.3919,-0.6875,30.3919,-0.6875,Mbarara and Ntungamo districts,30.11232,0.2796,-0.44802,-0.2395,ADM-2,5000,1/3/2007,31/8/2007,2010,FALSE
42,20569434,10.1186/1471-2326-10-5,0.9681443529,168,27,6,,,,,,,,,,Hb electrophoresis,0.5-5 years,Bundibugyo district,Uganda,Western Region,Bundibugyo district,,,30.0239,0.6857,30.0239,0.6857,Bundibugyo district,30.0203,0.0036,0.685176,0.0005,ADM-2,2500,1/6/2009,31/7/2009,2010,FALSE
43,26977274,10.4084/MJHID.2016.015,1.000023844,183206,899,,,,,,,,,,,sickling  test method and sodium metabisulfite sickling test,NA,Beirut (south suburb),Lebanon,Beirut Governorate,Beirut district,Beirut,,35.5018,33.8938,35.5018,33.8938,Beirut,35.50178,0.0000,33.89379,0.0000,ADM-3,25,1/1/2002,31/12/2014,2016,FALSE
44,26833239,10.1016/S2214-109X(15)00288-0,1.008463472,12757,1896,69,,,,,,,,,, Haemoglobin electrophoresis by isoelectric focusing,0.167-0.667 years,,Uganda,Central 1,,,,31.6203,0.5343,31.6203,0.5343,Central 1,,31.6203,,0.5343,ADM-1,25000,1/2/2014,31/3/2015,2016,FALSE
45,26833239,10.1016/S2214-109X(15)00288-0,1.005494814,9442,1566,94,,,,,,,,,, Haemoglobin electrophoresis by isoelectric focusing,0.167-0.667 years,,Uganda,Central 2,,,,32.3833,0.4000,32.3833,0.4000,Central 2,,32.3833,,0.4000,ADM-1,15000,1/2/2014,31/3/2015,2016,FALSE
46,26833239,10.1016/S2214-109X(15)00288-0,1.016881033,5131,1306,96,,,,,,,,,, Haemoglobin electrophoresis by isoelectric focusing,0.167-1 years,,Uganda,East Central,,,,33.4667,0.8833,33.4667,0.8833,East Central,,33.4667,,0.8833,ADM-1,21000,1/2/2014,31/3/2015,2016,FALSE
47,26833239,10.1016/S2214-109X(15)00288-0,1.007199655,11499,1835,90,,,,,,,,,, Haemoglobin electrophoresis by isoelectric focusing,0.167-0.667 years,,Uganda,Kampala,,,,32.5811,0.3133,32.5811,0.3133,Kampala,32.58252,-0.0014,0.347596,-0.0343,ADM-1,190,1/2/2014,31/3/2015,2016,FALSE
48,26833239,10.1016/S2214-109X(15)00288-0,1.003599099,4014,752,60,,,,,,,,,, Haemoglobin electrophoresis by isoelectric focusing,0.167-0.917 years,,Uganda,Mid Eastern,,,,33.9597,1.0644,33.9597,1.0644,Mid Eastern,,33.9597,,1.0644,ADM-1,34000,1/2/2014,31/3/2015,2016,FALSE
49,26833239,10.1016/S2214-109X(15)00288-0,1.017350826,10028,2445,160,,,,,,,,,, Haemoglobin electrophoresis by isoelectric focusing,0.167-1 years,,Uganda,Mid Northern,,,,32.9097,2.2350,32.9097,2.2350,Mid Northern,,32.9097,,2.2350,ADM-1,48000,1/2/2014,31/3/2015,2016,FALSE
50,26833239,10.1016/S2214-109X(15)00288-0,1.003515878,11418,1431,64,,,,,,,,,, Haemoglobin electrophoresis by isoelectric focusing,0.167-0.833 years,,Uganda,Mid Western,,,,31.0972,0.8750,31.0972,0.8750,Mid Western,,31.0972,,0.8750,ADM-1,29000,1/2/2014,31/3/2015,2016,FALSE
51,26833239,10.1016/S2214-109X(15)00288-0,1.007899743,3676,702,46,,,,,,,,,, Haemoglobin electrophoresis by isoelectric focusing,0.167-0.833 years,,Uganda,North East,,,,34.3000,2.4167,34.3000,2.4167,North East,,34.3000,,2.4167,ADM-1,20000,1/2/2014,31/3/2015,2016,FALSE
52,26833239,10.1016/S2214-109X(15)00288-0,0.9989299774,12979,631,23,,,,,,,,,, Haemoglobin electrophoresis by isoelectric focusing,0.167-0.917 years,,Uganda,South Western,,,,30.2833,1.0000,30.2833,1.0000,South Western,,30.2833,,1.0000,ADM-1,45000,1/2/2014,31/3/2015,2016,FALSE
53,26833239,10.1016/S2214-109X(15)00288-0,1.011535339,2534,415,14,,,,,,,,,, Haemoglobin electrophoresis by isoelectric focusing,0.167-1 years,,Uganda,West Nile,,,,31.3333,3.2500,31.3333,3.2500,West Nile,,31.3333,,3.2500,ADM-1,28100,1/2/2014,31/3/2015,2016,FALSE
54,28766840,10.1002/pbc.26735,,,,,,,,861,181,13,,,,hemoglobinopathy screening,Newborns (aged 0–7 days),Northwestern ,Tanzania,"Kagera, Mara, Mwanza, Geita, Shinyanga, Simiyu, Kigoma, Tabora",,,,32.4002,-3.2722,32.4002,-3.2722,"Kagera, Mara, Mwanza, Geita, Shinyanga, Simiyu, Kigoma, Tabora",30.52791,1.8723,-4.6498,1.3776,ADM-0,,1/8/2014,1/9/2014,2017,FALSE
55,24808962,10.1155/2014/745245,1.006298816,232,20,,,,,,,,,,,"Sickling slide test and alkaline agarose gel hemoglobin electrophoresis, and amplified refractory mutation system-PCR",1-80 years,Bargarh and Kalahandi,India,Odisha,Bargarh and Kalahandi,,,83.3906,20.6263,83.3906,20.6263,Bargarh and Kalahandi,83.63202,-0.2415,21.34702,-0.7207,ADM-1,13757,1/1/2010,31/12/2013,2014,FALSE
56,24808962,10.1155/2014/745245,1.00398892,178,12,,,,,,,,,,,"Sickling slide test and alkaline agarose gel hemoglobin electrophoresis, and amplified refractory mutation system-PCR",1-80 years,Kalahandi,India,Odisha,Kalahandi,,,83.1649,19.9137,83.1649,19.9137,Kalahandi,83.1649,0.0000,19.91374,0.0000,ADM-2,7920,1/1/2010,31/12/2013,2014,FALSE
57,24808962,10.1155/2014/745245,1.009738573,137,15,,,,,,,,,,,"Sickling slide test and alkaline agarose gel hemoglobin electrophoresis, and amplified refractory mutation system-PCR",1-80 years,Bargarh,India,Odisha,Bargarh,,,83.6162,21.3389,83.6162,21.3389,Bargarh,83.63202,-0.0158,21.34702,-0.0081,ADM-2,5837,1/1/2010,31/12/2013,2014,FALSE
58,26275168,10.1002/pbc.25706,0.9996716825,16275,98,3,33,5,2,,,,,,,HPLC chromatography,newborns,Hamburg,Germany,Hamburg,Hamburg,,,10.0007,53.5503,10.0007,53.5503,Hamburg,9.98717,0.0135,53.54883,0.0015,ADM-2,1000,1/1/2013,31/05/2014,2015,FALSE
59,20722469,10.1089/gtmb.2010.0008,0.9999944595,431396,5236,33,837,7,,,,,,,278,HPLC,newborns,Rio Grande do Sul ,Brazil,Rio Grande do Sul,Rio Grande do Sul,,,-53.2123,-29.7472,-53.2123,-29.7472,Rio Grande do Sul,-51.6658,-1.5465,-29.3646,-0.3826,ADM-2,360000,1/1/2004,31/12/2007,2010,FALSE
60,19180301,10.1590/s0102-311x2009000100020,0.9992332216,112402,3760,109,,,,,,,,,,isoelectric focalization,newborns,Federal district,Brazil,Federal district,,,,-47.8828,-15.7939,-47.8828,-15.7939,Federal district,-99.1332,51.2504,19.43261,-35.2265,ADM-1,5802,1/1/2004,31/12/2006,2009,FALSE
61,27796853,10.1007/s12687-016-0283-3,1.005017494,56392,6559,204,2516,148,22,1,,8,5,,978,HPLC,newborns,"Almost the whole coutry(the programme began with Manchester parish and extended to the south, east, northeast southeast of Jamaica)",Jamaica,,,,,-77.2975,29.2033,-77.2975,29.2033,Jamaica,-77.2975,0.0000,18.10958,11.0937,ADM-0,10991,1/8/2008,31/12/2016,2016,FALSE
62,23771451,10.4103/1119-3077.113452,1.056069776,308,112,4,,,,,,,,,,"electrophoretic method (electrophoretic equipment model MUPID-EXU, Japan)",18-75 years,the General out Patient Clinic of Nnamdi Azikiwe University Teaching Hospital,Nigeria,Anambra State,Nnewi,,,6.9120,6.0197,6.9120,6.0197,Nnewi,6.910346,0.0017,6.010519,0.0092,ADM-2,520,1/11/2010,1/10/2011,2013,FALSE
63,27614873,10.1159/000448914,1.047243071,2617,746,4,4,,,,,,,,,cellulose acetate electrophoresis and self-report,25-35 years,40 churches across seven local government areas in Enugu State,Nigeria,Enugu State,,,,7.5073,6.9197,7.5073,6.9197,Enugu State,7.435619,0.0717,6.536353,0.3833,ADM-1,2763,1/3/2013,1/8/2013,2016,FALSE
64,23058858,10.2450/2012.0030-12,,,,,,,,1968,16,,,4,4,HPLC,newborns,the University Hospital of Ferrara,Italy,Emilia-Romagna,Ferrara,,,11.6099,44.8356,11.6099,44.8356,Ferrara,11.61979,-0.0099,44.83812,-0.0025,ADM-2,405.61,26/9/2010,31/1/2012,2013,FALSE
65,22973867,10.1111/j.1740-8709.2012.00454.x,1.002583242,694,146,14,,,,,,,,,,"isoelectric focusing (IEF) (by using the Resolve® Hemoglobin Kit (Perkin Elmer, Turku, Finland))",0.5-2.9167 years,60 study villages,Kenya,Kisumu County,Nyando Sub-County,,,34.9896,-0.1076,34.9896,-0.1076,Nyando Sub-County,34.88449,0.1051,-0.19952,0.0919,ADM-2,797,1/8/2010,1/9/2010,2014,FALSE
66,25755846,NA,1.025234646,323,61,0,,,,,,,,,,PCR systems in combination with amplicon sequencing,NA,Dar es Salaam,Tanzania,Dar es Salaam,,,,39.2261,-6.7880,39.2261,-6.7880,Dar es Salaam,39.20833,0.0178,-6.79235,0.0043,ADM-1,1400,NA,NA,2014,FALSE
67,23055098,10.1007/s12687-012-0116-y,1.035167634,1541,456,21,,,,,,,,,,hemoglobin electrophoresis on cellulose acetate,NA,villages in Gujarat,India,Gujarat,,Moghvan,,73.5092,21.0469,73.5092,21.0469,Moghvan,48.04491,25.4643,39.00577,-17.9589,ADM-3,5,NA,NA,2013,FALSE
68,23055098,10.1007/s12687-012-0116-y,1.02830099,413,114,6,,,,,,,,,,hemoglobin electrophoresis on cellulose acetate,NA,villages in Gujarat,India,Gujarat,,Kalaghat and Ghodi ruvali,,73.5448,21.0395,73.5448,21.0395,Kalaghat and Ghodi ruvali,73.55647,-0.0117,21.0339,0.0055,ADM-3,10,NA,NA,2013,FALSE
69,23055098,10.1007/s12687-012-0116-y,1.020475014,556,163,14,,,,,,,,,,hemoglobin electrophoresis on cellulose acetate,NA,villages in Gujarat,India,Gujarat,,Maiyali Mota satsila,,73.5268,21.0371,73.5268,21.0371,Maiyali Mota satsila,73.52702,-0.0002,21.03677,0.0003,ADM-3,1,NA,NA,2013,FALSE
70,23055098,10.1007/s12687-012-0116-y,1.071445718,651,298,17,,,,,,,,,,hemoglobin electrophoresis on cellulose acetate,NA,villages in Gujarat,India,Gujarat,,Ghodchit,,73.5210,21.0717,73.5210,21.0717,Ghodchit,73.52113,-0.0001,21.07087,0.0009,ADM-3,1,NA,NA,2013,FALSE
71,23055098,10.1007/s12687-012-0116-y,1.030026104,689,222,17,,,,,,,,,,hemoglobin electrophoresis on cellulose acetate,NA,villages in Gujarat,India,Gujarat,,Dumda,,73.5392,21.1941,73.5392,21.1941,Dumda,73.5388,0.0004,21.19405,0.0001,ADM-3,2,NA,NA,2013,FALSE
72,23055098,10.1007/s12687-012-0116-y,1.024562194,269,97,11,,,,,,,,,,hemoglobin electrophoresis on cellulose acetate,NA,villages in Gujarat,India,Gujarat,,Ghuntvel,,73.5722,21.0196,73.5722,21.0196,Ghuntvel,73.56972,0.0025,21.01931,0.0003,ADM-3,3,NA,NA,2013,FALSE
73,23055098,10.1007/s12687-012-0116-y,1.024761836,465,128,8,,,,,,,,,,hemoglobin electrophoresis on cellulose acetate,NA,villages in Gujarat,India,Gujarat,,Gunkhadi,,73.5902,21.0420,73.5902,21.0421,Gunkhadi,73.59033,-0.0001,21.04158,0.0005,ADM-3,3,NA,NA,2013,FALSE
74,23055098,10.1007/s12687-012-0116-y,1.018805623,417,96,5,,,,,,,,,,hemoglobin electrophoresis on cellulose acetate,NA,villages in Gujarat,India,Gujarat,,Uchhal,,73.7416,21.6446,73.0644,21.6446,Uchhal,73.74157,-0.6771,21.17213,0.4724,ADM-3,2,NA,NA,2013,FALSE
75,23055098,10.1007/s12687-012-0116-y,1.039312285,454,166,13,,,,,,,,,,hemoglobin electrophoresis on cellulose acetate,NA,villages in Gujarat,India,Gujarat,,Borkuva,,73.5521,21.0469,73.5521,21.0470,Borkuva,73.55058,0.0015,21.04488,0.0021,ADM-3,4,NA,NA,2013,FALSE
76,26648434,10.1590/1516-3180.2015.00042302,0.9997113141,943,59,2,,,,,,,,,,electrophoresis on cellulose acetate,newborns,one hospital in south of Triângulo Mineiro,Brazil,Minas Gerais,Triângulo Mineiro,Uberaba,,-47.9436,-19.7452,-47.9436,-19.7452,Uberaba,-47.934,-0.0096,-19.746,0.0008,ADM-3,1500,1/9/2011,31/1/2013,2015,FALSE
77,28671630,10.3390/nu9070693,0.9697673082,250,37,8,,,,,,,,,,HPLC using an ultra Resolution Variants Analyzer,1–4.92 years,,Cameroon,Centre Region,Mfoundi Department,Yaoundé,,11.5213,3.8690,11.5213,3.8690,Yaoundé,,11.5213,,3.8690,ADM-3,180,1/9/2009,30/11/2012,2017,FALSE
78,28671630,10.3390/nu9070693,1.010801494,249,44,2,,,,,,,,,,HPLC using an ultra Resolution Variants Analyzer,1–4.92 years,,Cameroon,Littoral Region,Wouri Department,Douala,,9.7084,4.0503,9.7084,4.0503,Douala,9.767869,-0.0595,4.051056,-0.0008,ADM-3,210,1/9/2009,30/11/2012,2017,FALSE
79,24038856,10.1002/pbc.24711,1.000661358,1157169,49424,639,8546,201,23,,,,,,,HPLC with a cationic exchange column using the automated VARIANT I® system,newborns,several municipalities in Rio de Janeiro state,Brazil,Rio de Janeiro,,,,-43.2218,-22.9814,-43.2218,-22.9814,Rio de Janeiro,-43.1729,-0.0489,-22.9068,-0.0746,ADM-1,43696,8/1/2000,31/07/2010,2013,FALSE
80,30425067,10.1182/bloodadvances.2018023069,1.015625,357,51,,,,,,,,,,,Hemoglobin electrophoresis,1–4.92 years,,Malawi,Central Region,,,,33.7741,-13.9626,33.7741,-13.9626,Central Region,,33.7741,,-13.9626,ADM-1,35592,10/1/2015,27/02/2016,2018,FALSE
81,30425067,10.1182/bloodadvances.2018023069,1.013218851,331,43,,,,,,,,,,,Hemoglobin electrophoresis,1–4.92 years,,Malawi,Northern Region,,,,34.0208,-11.4655,34.0208,-11.4655,Northern Region,,34.0208,,-11.4655,ADM-1,26931,10/1/2015,27/02/2016,2018,FALSE
82,30425067,10.1182/bloodadvances.2018023069,1.001448737,278,11,,,,,,,,,,,Hemoglobin electrophoresis,1–4.92 years,,Malawi,Southern Region,,,,35.0088,-15.7842,35.0088,-15.7842,Southern Region,35.03882,-0.0300,-15.4201,-0.3641,ADM-1,31753,10/1/2015,27/02/2016,2018,FALSE
83,27028397,10.1111/tmi.12689,1.03588843,644,220,16,2,,,,,,,,,cellulose acetate electrophoresis,NA,"El Fula, Babanusa and El Muglad towns",Sudan,Western Kordofan State,Muglad/Babanusa/Al-Fulah,,,27.7833,10.7417,27.7833,10.7417,Muglad/Babanusa/Al-Fulah,27.74907,0.0343,11.03473,-0.2931,ADM-2,25961,5/6/2014,25/6/2014,2016,FALSE
84,22109821,10.1007/s12687-011-0050-4,1.004893547,325609,33467,747,,,,,,,,,,alkaline haemoglobin electrophoresis on cellulose acetate,3–15 years,villages within Raipur District,India,Chhattisgarh,Raipur,,,81.6827,21.2457,81.6827,21.2457,Raipur,81.62964,0.0531,21.25138,-0.0057,ADM-2,13083,1/10/2007,1/6/2010,2011,FALSE
85,22109719,10.1007/s12687-010-0033-x,1.025278784,366,123,12,,,,,,,,,,"usual electrophoretic method (electrophoretic equipment: model DY-300, USA)",1-70 years,three major clinics in Lagos,Nigeria,Lagos State,,,,3.5833,6.5244,3.5833,6.5244,Lagos State,3.62178,-0.0385,6.522704,0.0017,ADM-1,1171,NA,NA,2011,FALSE
86,24144845,10.1177/0969141313507919,1.00334638,159171,14126,310,4375,231,38,,,,,,177,"reverse dot blot, PCR-RFLP, and direct DNA sequencing",newborns,delivery sites in the Guadeloupe archipelago,France,Guadeloupe,,,,-61.5000,16.2500,-61.5000,16.2500,Guadeloupe,-61.551,0.0510,16.265,-0.0150,ADM-1,1628,1/1/1984,31/12/2010,2013,FALSE
87,20232754,10.4314/njm.v19i1.52473,1.01461432,6376,1580,121,16,4,,,,,,,,haemoglobin electrophoresis test,NA,"the Department of Haematology, University of Uyo Teaching Hospital",Nigeria,Akwa Ibom,Uyo,,,7.9333,5.0333,7.9333,5.0333,Uyo,7.912795,0.0205,5.03774,-0.0044,ADM-2,369,1/1/2003,31/12/2007,2010,FALSE
88,23856375,10.1016/j.jegh.2011.06.002,0.9978084239,305106,5600,399,,,,,,,,,,hemoglobin (Hb) electrophoresis,couples (age unclear),Riyadh,Saudi Arabia,Riyadh,,,,46.6931,24.7312,46.6932,24.7312,Riyadh,46.6753,0.0179,24.71355,0.0177,ADM-1,10000,1/1/2004,31/12/2009,2011,FALSE
89,23856375,10.1016/j.jegh.2011.06.002,0.9996220378,46932,93,9,,,,,,,,,,hemoglobin (Hb) electrophoresis,couples (age unclear),Hail,Saudi Arabia,Hail,,,,41.4498,27.4008,41.4498,27.4009,Hail,,41.4498,,27.4009,ADM-1,400,1/1/2004,31/12/2009,2011,FALSE
90,23856375,10.1016/j.jegh.2011.06.002,0.9998995748,96041,175,5,,,,,,,,,,hemoglobin (Hb) electrophoresis,couples (age unclear),Qassim,Saudi Arabia,Qassim,,,,43.8466,26.2172,43.8466,26.2172,Qassim,43.48374,0.3629,26.20783,0.0094,ADM-1,28000,1/1/2004,31/12/2009,2011,FALSE
91,23856375,10.1016/j.jegh.2011.06.002,0.9989887108,208287,32017,2604,,,,,,,,,,hemoglobin (Hb) electrophoresis,couples (age unclear),Eastern region,Saudi Arabia,Eastern region,,,,50.0664,23.3922,50.0664,23.3922,Eastern region,,50.0664,,23.3922,ADM-1,600000,1/1/2004,31/12/2009,2011,FALSE
92,23856375,10.1016/j.jegh.2011.06.002,1.000856313,41240,1547,10,,,,,,,,,,hemoglobin (Hb) electrophoresis,couples (age unclear),Baha,Saudi Arabia,Baha,,,,41.4666,20.0107,41.4667,20.0107,Baha,,41.4667,,20.0107,ADM-1,30,1/1/2004,31/12/2009,2011,FALSE
93,23856375,10.1016/j.jegh.2011.06.002,0.9979921472,108830,2144,135,,,,,,,,,,hemoglobin (Hb) electrophoresis,couples (age unclear),Madinah,Saudi Arabia,Madinah,,,,39.6150,24.4683,39.6150,24.4683,Madinah,39.56918,0.0458,24.52465,-0.0564,ADM-1,1808,1/1/2004,31/12/2009,2011,FALSE
94,23856375,10.1016/j.jegh.2011.06.002,0.9994020099,312167,9634,248,,,,,,,,,,hemoglobin (Hb) electrophoresis,couples (age unclear),Makkah,Saudi Arabia,Makkah,,,,39.8246,21.4270,39.8246,21.4270,Makkah,39.85791,-0.0333,21.38908,0.0379,ADM-1,900,1/1/2004,31/12/2009,2011,FALSE
95,23856375,10.1016/j.jegh.2011.06.002,0.9995489844,21517,70,5,,,,,,,,,,hemoglobin (Hb) electrophoresis,couples (age unclear),Northern borders,Saudi Arabia,Northern borders,,,,42.4082,29.8332,42.4083,29.8332,Northern borders,42.86379,-0.4555,30.07992,-0.2467,ADM-1,70000,1/1/2004,31/12/2009,2011,FALSE
96,23856375,10.1016/j.jegh.2011.06.002,0.9949655607,47490,1114,139,,,,,,,,,,hemoglobin (Hb) electrophoresis,couples (age unclear),Tabouk,Saudi Arabia,Tabouk,,,,36.5542,28.3986,36.5542,28.3986,Tabouk,36.56619,-0.0120,28.38351,0.0151,ADM-1,375,1/1/2004,31/12/2009,2011,FALSE
97,23856375,10.1016/j.jegh.2011.06.002,0.999608719,34915,95,7,,,,,,,,,,hemoglobin (Hb) electrophoresis,couples (age unclear),Jouf,Saudi Arabia,Jouf,,,,39.8788,29.6994,39.8788,29.6994,Jouf,39.32062,0.5582,29.88736,-0.1879,ADM-1,60000,1/1/2004,31/12/2009,2011,FALSE
98,23856375,10.1016/j.jegh.2011.06.002,0.998891879,159371,4858,168,,,,,,,,,,hemoglobin (Hb) electrophoresis,couples (age unclear),Aseer,Saudi Arabia,Aseer,,,,42.4912,18.3985,42.4912,18.3985,Aseer,42.86379,-0.3726,19.09691,-0.6984,ADM-1,120000,1/1/2004,31/12/2009,2011,FALSE
99,23856375,10.1016/j.jegh.2011.06.002,1.001522831,61837,8894,577,,,,,,,,,,hemoglobin (Hb) electrophoresis,couples (age unclear),Jazzan,Saudi Arabia,Jazan,,,,42.5744,16.8926,42.5744,16.8926,Jazan,,42.5744,,16.8926,ADM-1,100,1/1/2004,31/12/2009,2011,FALSE
100,23856375,10.1016/j.jegh.2011.06.002,0.9997217211,28439,408,7,,,,,,,,,,hemoglobin (Hb) electrophoresis,couples (age unclear),Najran,Saudi Arabia,Najran,,,,44.2320,17.5686,44.2320,17.5686,Najran,44.22894,0.0031,17.5656,0.0030,ADM-1,154,1/1/2004,31/12/2009,2011,FALSE
101,28208888,10.7860/JCDR/2016/22010.9002,0.9512533449,785,199,59,,,,,,,,,,High Pressure Liquid Chromatography (HPLC),1-70 years,Some districts in north-east of Assam,India,Assam,,,,92.9376,26.2006,95.3500,27.4973,Assam,92.93757,2.4124,26.2006,1.2967,ADM-1,72000,1/1/2014,31/12/2015,2016,FALSE
102,23647352,10.3109/03630269.2013.791627,1.001026229,4895,162,0,,,,,,,,,,HPLC (HPLC),14-83 years,Dubai,UAE,Dubai,Dubai,Dubai,,55.3095,25.2697,55.3095,25.2697,Dubai,55.27078,0.0387,25.20485,0.0648,ADM-3,4110,1/1/2007,31/12/2010,2013,FALSE
103,25147811,10.1155/2014/695828,0.9992062496,33905,165,14,,,,,,,,,,HPLC was performed on a VARIANT nbs Newborn Screening System ,newborns,Berlin,Germany,Berlin,Berlin,,,13.4050,52.5200,13.4050,52.5200,Berlin,13.40495,0.0000,52.52001,0.0000,ADM-2,892,1/9/2011,30/11/2012,2014,FALSE
104,23382166,10.4269/ajtmh.12-0560,1.002583242,694,146,14,,,,,,,,,,polymerase chain reaction (PCR) ,0.5-2.92 years,Nyando district,Kenya,Nyanza,Nyando,,,34.9097,-0.2085,34.9097,-0.2085,Nyando,34.88449,0.0252,-0.19952,-0.0090,ADM-2,600,1/8/2010,31/8/2010,2013,FALSE
105,24893191,,,,,,,,,1633,78,,1,17,,Isoelectric focusing electrophoresis (IEF )w,newborns,Cartagena city,Colombia,Bolívar Department,Cartagena District,Cartagena,,-75.4832,10.3932,-75.4854,10.3934,Cartagena,-75.4832,-0.0022,10.39323,0.0002,ADM-3,83,1/1/2010,30/6/2010,2012,FALSE
106,22018599,10.1016/j.trstmh.2011.09.002,0.9981942991,727,21,1,,,,,,,,,,,0-5 years,Butare,Rwanda,Southern Province,Huye District ,Butare,,29.7492,-2.6235,29.7492,-2.6235,Butare,29.7458,0.0034,-2.6062,-0.0173,ADM-3,80,1/1/2010,31/3/2010,2012,FALSE
107,30504186,10.1182/bloodadvances.2018GS110951,1.004220546,16359,2497,144,,,,,,,,,, Haemoglobin electrophoresis by isoelectric focusing,0.167-0.667 years,,Uganda,Central 1,,,,31.6203,0.5343,31.6203,0.5343,Central 1,,31.6203,,0.5343,ADM-1,25000,1/10/2014,31/8/2016,2018,FALSE
108,30504186,10.1182/bloodadvances.2018GS110951,1.001782911,9671,1646,128,,,,,,,,,, Haemoglobin electrophoresis by isoelectric focusing,0.167-0.667 years,,Uganda,Central 2,,,,32.3833,0.4000,32.3833,0.4000,Central 2,,32.3833,,0.4000,ADM-1,15000,1/10/2014,31/8/2016,2018,FALSE
109,30504186,10.1182/bloodadvances.2018GS110951,1.004811223,8746,2128,225,,,,,,,,,, Haemoglobin electrophoresis by isoelectric focusing,0.167-1 years,,Uganda,East Central,,,,33.4667,0.8833,33.4667,0.8833,East Central,,33.4667,,0.8833,ADM-1,21000,1/10/2014,31/8/2016,2018,FALSE
110,30504186,10.1182/bloodadvances.2018GS110951,1.003187869,22040,3533,235,,,,,,,,,, Haemoglobin electrophoresis by isoelectric focusing,0.167-0.667 years,,Uganda,Kampala,,,,32.5811,0.3133,32.5811,0.3133,Kampala,32.58252,-0.0014,0.347596,-0.0343,ADM-1,190,1/10/2014,31/8/2016,2018,FALSE
111,30504186,10.1182/bloodadvances.2018GS110951,0.9981588721,4649,1004,115,,,,,,,,,, Haemoglobin electrophoresis by isoelectric focusing,0.167-0.917 years,,Uganda,Mid Eastern,,,,33.9597,1.0644,33.9597,1.0644,Mid Eastern,,33.9597,,1.0644,ADM-1,34000,1/10/2014,31/8/2016,2018,FALSE
112,30504186,10.1182/bloodadvances.2018GS110951,1.005672921,17514,4067,394,,,,,,,,,, Haemoglobin electrophoresis by isoelectric focusing,0.167-1 years,,Uganda,Mid Northern,,,,32.9097,2.2350,32.9097,2.2350,Mid Northern,,32.9097,,2.2350,ADM-1,48000,1/10/2014,31/8/2016,2018,FALSE
113,30504186,10.1182/bloodadvances.2018GS110951,1.003959422,4945,848,59,,,,,,,,,, Haemoglobin electrophoresis by isoelectric focusing,0.167-0.833 years,,Uganda,Mid Western,,,,31.0972,0.8750,31.0972,0.8750,Mid Western,,31.0972,,0.8750,ADM-1,29000,1/10/2014,31/8/2016,2018,FALSE
114,30504186,10.1182/bloodadvances.2018GS110951,1.002429711,5504,1100,100,,,,,,,,,, Haemoglobin electrophoresis by isoelectric focusing,0.167-0.833 years,,Uganda,North East,,,,34.3000,2.4167,34.3000,2.4167,North East,,34.3000,,2.4167,ADM-1,20000,1/10/2014,31/8/2016,2018,FALSE
115,30504186,10.1182/bloodadvances.2018GS110951,1.001401114,1985,135,3,,,,,,,,,, Haemoglobin electrophoresis by isoelectric focusing,0.167-0.917 years,,Uganda,South Western,,,,30.2833,1.0000,30.2833,1.0000,South Western,,30.2833,,1.0000,ADM-1,45000,1/10/2014,31/8/2016,2018,FALSE
116,30504186,10.1182/bloodadvances.2018GS110951,1.014817246,2123,422,19,,,,,,,,,, Haemoglobin electrophoresis by isoelectric focusing,0.167-1 years,,Uganda,West Nile,,,,31.3333,3.2500,31.3333,3.2500,West Nile,,31.3333,,3.2500,ADM-1,28100,1/10/2014,31/8/2016,2018,FALSE
117,29183229,10.1177/0969141317695356,,,,,,,,1656,183,10,2,63,,HPLC (Variant™nbs Newborn Hemoglobin system-Bio Rad),newborns,Grenada,Grenada,,,,,-61.6790,12.1165,-61.7285,12.0501,Grenada,-61.679,-0.0495,12.1165,-0.0664,ADM-0,344,1/3/2014,15/11/2015,2017,FALSE
118,20231768,,1.015625,210,30,,,,,,,,,,,Haemoglobin electrophoresis by cellulose acetate,1-8 years,"Rumueme, Port Harcourt",Nigeria,Rivers,Port Harcourt,Rumueme,,7.0080,4.8222,7.0080,4.8222,Rumueme,6.982661,0.0254,4.81882,0.0034,ADM-2,370,1/3/2005,30/4/2006,2010,FALSE
119,32159643,10.1590/1984-0462/2020/38/2018229,0.9995435493,31964,921,21,,,,,,,,,, Isoelectric Focusing Electrophoresis ,newborns,Sergipe,Brazil,Sergipe,,,,-37.0983,-10.9000,-37.0983,-10.9000,Sergipe,-37.4681,0.3698,-10.6739,-0.2261,ADM-1,21910,1/10/2011,31/10/2012,2020,FALSE
120,30953444,10.1093/trstmh/trz015,1.036198909,352,88,1,,,,,,,,,,Sequenom MassArray genotyping platform(SNP),NA,Abedi parish in the Apac district,Uganda,Northern Region,Apac District,,,32.5424,1.9416,32.5424,1.9416,Apac District,32.62775,-0.0853,1.873026,0.0686,ADM-2,3818,1/7/2010,1/11/2010,2019,FALSE
121,31619285,10.1186/s13104-019-4682-5,0.95298125,341,45,14,,,,,,,,,,capillary zone electrophoresis,0-18 years,Al Fashir hospital,Sudan,North Darfur State,Al Fashir Locality,,,25.3588,13.6237,25.3588,13.6237,Al Fashir Locality,25.35487,0.0039,13.61975,0.0039,ADM-2,100,1/12/2017,1/8/2018,2019,FALSE
122,33151598,10.1111/tmi.13506,0.9761673617,226769,40862,7664,,,,,,,,,3290,Haemoglobin electrophoresis by isoelectric focusing,0-2 years,public health laboratory database in Uganda,Uganda,,,,,32.3691,1.2747,32.3691,1.2747,Uganda,32.29028,0.0788,1.373333,-0.0986,ADM-0,241551,1/2/2014,1/3/2019,2020,FALSE
123,31094093,10.1002/pbc.27807,1.002803049,93730,17380,1422,,,,,,,,,,reverse transcriptase polymerase chain reaction (RT-PCR),NA,,Uganda,,,,,32.3691,1.2747,32.3691,1.2747,Uganda,32.29028,0.0788,1.373333,-0.0986,ADM-0,241551,1/4/2015,1/3/2018,2019,FALSE
124,33293746,10.2471/BLT.20.253583,1.027810651,206,52,2,,,,,,,,,1,TaqMan PCR probe,0-2 years,,Tanzania,Simiyu Region,Bariadi District,,,33.9833,-2.8167,33.9833,-2.8167,Bariadi District,33.99172,-0.0084,-2.80696,-0.0097,ADM-2,12175,1/2/2017,1/5/2018,2020,FALSE
125,33293746,10.2471/BLT.20.253583,1.031604938,111,24,,,,,,,,,,,TaqMan PCR probe,0-2 years,,Tanzania,Kagera region,Biharamulo district,,,31.2667,-2.6333,31.2667,-2.6333,Biharamulo district,31.31413,-0.0474,-2.6343,0.0010,ADM-2,6114,1/2/2017,1/5/2018,2020,FALSE
126,33293746,10.2471/BLT.20.253583,1.006944444,11,1,,,,,,,,,,,TaqMan PCR probe,0-2 years,,Tanzania,Kigoma region,Buhigwe district,,,30.3940,-4.5820,30.3940,-4.5820,Buhigwe district,29.92779,0.4662,-4.49659,-0.0854,ADM-2,2301,1/2/2017,1/5/2018,2020,FALSE
127,33293746,10.2471/BLT.20.253583,1.020582044,142,30,1,,,,,,,,,1,TaqMan PCR probe,0-2 years,,Tanzania,Kagera region,Bukoba district,,,31.8080,-1.3310,31.8080,-1.3310,Bukoba district,31.58266,0.2253,-1.46107,0.1301,ADM-2,2069,1/2/2017,1/5/2018,2020,FALSE
128,33293746,10.2471/BLT.20.253583,1.049247597,294,97,3,,,,,,,,,,TaqMan PCR probe,0-2 years,,Tanzania,Geita region,Bukombe district,,,32.0440,-3.5993,32.0440,-3.0220,Bukombe district,31.81071,0.2333,-3.59928,0.5773,ADM-2,7092,1/2/2017,1/5/2018,2020,FALSE
129,33293746,10.2471/BLT.20.253583,1.024787341,301,73,3,,,,,,,,,1,TaqMan PCR probe,0-2 years,,Tanzania,Mara region,Bunda district,,,34.3260,-2.0490,34.3260,-2.0490,Bunda district,33.87462,0.4514,-2.01853,-0.0305,ADM-2,6755,1/2/2017,1/5/2018,2020,FALSE
130,33293746,10.2471/BLT.20.253583,1.068583835,195,77,2,,,,,,,,,,TaqMan PCR probe,0-2 years,,Tanzania,Simiyu region,Busega district,,,33.9000,-2.7660,33.9000,-2.7660,Busega district,34.15319,-0.2532,-2.83087,0.0649,ADM-2,2050,1/2/2017,1/5/2018,2020,FALSE
131,33293746,10.2471/BLT.20.253583,0.9663923817,161,38,9,,,,,,,,,,TaqMan PCR probe,0-2 years,,Tanzania,Mara region,Butiama district,,,33.8530,-1.9620,33.8530,-1.9620,Butiama district,33.96449,-0.1115,-1.76768,-0.1943,ADM-2,2445,1/2/2017,1/5/2018,2020,FALSE
132,33293746,10.2471/BLT.20.253583,1.023005647,399,108,7,,,,,,,,,,TaqMan PCR probe,0-2 years,,Tanzania,Geita region,Chato district,,,31.7196,-2.6090,32.8790,-2.6090,Chato district,31.71955,1.1595,-2.97853,0.3695,ADM-2,14361,1/2/2017,1/5/2018,2020,FALSE
133,33293746,10.2471/BLT.20.253583,1.024766975,929,219,8,,,,,,,,,,TaqMan PCR probe,0-2 years,,Tanzania,Geita region,Geita district,,,32.2290,-2.8850,32.2290,-3.7660,Geita district,32.23135,-0.0023,-2.88504,-0.8810,ADM-2,10294,1/2/2017,1/5/2018,2020,FALSE
134,33293746,10.2471/BLT.20.253583,1.027884412,426,107,4,,,,,,,,,2,TaqMan PCR probe,0-2 years,,Tanzania,Tabora region,Igunga district,,,33.9080,0.6600,33.9080,-5.0170,Igunga district,33.48319,0.4248,0.660014,-5.6770,ADM-2,7670,1/2/2017,1/5/2018,2020,FALSE
135,33293746,10.2471/BLT.20.253583,1.004883402,110,23,2,,,,,,,,,,TaqMan PCR probe,0-2 years,,Tanzania,Singida Region,Ikungi District,,,34.7445,-5.1836,34.7445,-5.1836,Ikungi District,34.76994,-0.0254,-5.13592,-0.0477,ADM-2,10133,1/2/2017,1/5/2018,2020,FALSE
136,33293746,10.2471/BLT.20.253583,1.019029597,394,110,9,,,,,,,,,,TaqMan PCR probe,0-2 years,,Tanzania,Mwanza Region,Ilemela District,,,32.8615,-2.5837,32.8615,-2.5837,Ilemela District,32.9663,-0.1048,-2.44846,-0.1352,ADM-2,1086,1/2/2017,1/5/2018,2020,FALSE
137,33293746,10.2471/BLT.20.253583,1.037080337,230,60,1,,,,,,,,,,TaqMan PCR probe,0-2 years,,Tanzania,Singida Region,Iramba District,,,34.3832,-4.3200,34.3832,-5.0296,Iramba District,34.33104,0.0522,-4.31995,-0.7097,ADM-2,10476,1/2/2017,1/5/2018,2020,FALSE
138,33293746,10.2471/BLT.20.253583,1.005237188,120,29,3,,,,,,,,,,TaqMan PCR probe,0-2 years,,Tanzania,Simiyu Region,Itilima District,,,34.4198,-3.1062,33.7069,-3.1062,Itilima District,34.41982,-0.7129,-2.88865,-0.2176,ADM-2,4295,1/2/2017,1/5/2018,2020,FALSE
139,33293746,10.2471/BLT.20.253583,1.026865788,1281,374,25,,,,,,,,,3,TaqMan PCR probe,0-2 years,,Tanzania,Shinyanga Region,Kahama District,,,32.5987,-3.8389,32.5987,-3.8389,Kahama District,32.26539,0.3333,-3.93022,0.0913,ADM-2,38931,1/2/2017,1/5/2018,2020,FALSE
140,33293746,10.2471/BLT.20.253583,1.041649313,39,10,,,,,,,,,,,TaqMan PCR probe,0-2 years,,Tanzania,Kigoma Region,Kakonko District,,,30.9600,-3.2800,30.9600,-3.2800,Kakonko District,30.94174,0.0183,-3.24688,-0.0331,ADM-2,12936,1/2/2017,1/5/2018,2020,FALSE
141,33293746,10.2471/BLT.20.253583,1.020825588,284,83,7,,,,,,,,,,TaqMan PCR probe,0-2 years,,Tanzania,Tabora Region,Kaliua District,,,31.4456,-5.0630,32.3020,-5.0630,Kaliua District,31.44562,0.8564,-5.32723,0.2642,ADM-2,8862,1/2/2017,1/5/2018,2020,FALSE
142,33293746,10.2471/BLT.20.253583,1.021717452,81,14,,,,,,,,,,,TaqMan PCR probe,0-2 years,,Tanzania,Kagera Region,Karagwe District,,,30.8528,-1.5869,30.8528,-1.5869,Karagwe District,30.98763,-0.1348,-1.77179,0.1849,ADM-2,3077,1/2/2017,1/5/2018,2020,FALSE
143,33293746,10.2471/BLT.20.253583,0.9982595625,120,34,5,,,,,,,,,,TaqMan PCR probe,0-2 years,,Tanzania,Kigoma Region,Kasulu District,,,30.0648,-4.5795,30.0648,-4.5795,Kasulu District,30.43576,-0.3710,-4.43752,-0.1420,ADM-2,9390,1/2/2017,1/5/2018,2020,FALSE
144,33293746,10.2471/BLT.20.253583,1.016956257,129,31,2,,,,,,,,,,TaqMan PCR probe,0-2 years,,Tanzania,Kigoma Region,Kibondo District,,,30.7276,-4.1938,30.7276,-3.5889,Kibondo District,31.07937,-0.3518,-4.19382,0.6049,ADM-2,11853,1/2/2017,1/5/2018,2020,FALSE
145,33293746,10.2471/BLT.20.253583,1.011015426,171,34,2,,,,,,,,,,TaqMan PCR probe,0-2 years,,Tanzania,Kigoma Region,Kigoma District,,,29.6214,-4.8905,29.6214,-4.8905,Kigoma District,29.66151,-0.0401,-4.88241,-0.0081,ADM-2,2900,1/2/2017,1/5/2018,2020,FALSE
146,33293746,10.2471/BLT.20.253583,1.027283953,333,87,4,,,,,,,,,,TaqMan PCR probe,0-2 years,,Tanzania,Shinyanga Region,Kishapu District,,,33.4884,-3.8857,33.4884,-3.8857,Kishapu District,33.70706,-0.2187,-3.72917,-0.1565,ADM-2,16829,1/2/2017,1/5/2018,2020,FALSE
147,33293746,10.2471/BLT.20.253583,1.019868216,230,50,2,,,,,,,,,,TaqMan PCR probe,0-2 years,,Tanzania,Mwanza Region,Kwimba District,,,33.2555,-2.5763,33.2555,-2.5763,Kwimba District,33.34861,-0.0931,-3.06055,0.4843,ADM-2,4225,1/2/2017,1/5/2018,2020,FALSE
148,33293746,10.2471/BLT.20.253583,1.007431629,53,5,,,,,,,,,,,TaqMan PCR probe,0-2 years,,Tanzania,Kagera Region,Kyerwa District,,,30.8649,-1.5926,30.8649,-1.5926,Kyerwa District,30.80395,0.0609,-1.2399,-0.3527,ADM-2,1773,1/2/2017,1/5/2018,2020,FALSE
149,33293746,10.2471/BLT.20.253583,1.013341015,541,116,7,,,,,,,,,,TaqMan PCR probe,0-2 years,,Tanzania,Mwanza Region,Magu District,,,33.4186,-2.6345,33.4186,-2.6345,Magu District,33.48319,-0.0646,-2.61789,-0.0166,ADM-2,2556,1/2/2017,1/5/2018,2020,FALSE
150,33293746,10.2471/BLT.20.253583,1.033339489,223,60,2,,,,,,,,,,TaqMan PCR probe,0-2 years,,Tanzania,Singida Region,Manyoni District,,,34.0050,-6.2863,34.0050,-5.0347,Manyoni District,34.15319,-0.1482,-6.74534,1.7106,ADM-2,27143,1/2/2017,1/5/2018,2020,FALSE
151,33293746,10.2471/BLT.20.253583,1.014767661,167,45,4,,,,,,,,,,TaqMan PCR probe,0-2 years,,Tanzania,Simiyu Region,Maswa District,,,33.7618,-3.2149,33.7618,-3.2149,Maswa District,33.70706,0.0547,-3.18327,-0.0316,ADM-2,5812,1/2/2017,1/5/2018,2020,FALSE
152,33293746,10.2471/BLT.20.253583,1.008842196,215,53,5,,,,,,,,,,TaqMan PCR probe,0-2 years,,Tanzania,Geita Region,Mbogwe District,,,32.0334,-3.3768,32.0334,-3.3768,Mbogwe District,32.22001,-0.1866,-3.47916,0.1024,ADM-2,5120,1/2/2017,1/5/2018,2020,FALSE
153,33293746,10.2471/BLT.20.253583,1.009974059,167,50,6,,,,,,,,,,TaqMan PCR probe,0-2 years,,Tanzania,Simiyu Region,Meatu District,,,34.0467,-3.6098,34.0467,-3.6098,Meatu District,34.33104,-0.2843,-3.49788,-0.1119,ADM-2,11080,1/2/2017,1/5/2018,2020,FALSE
154,33293746,10.2471/BLT.20.253583,1.031653431,134,29,,,,,,,,,,,TaqMan PCR probe,0-2 years,,Tanzania,Kagera Region,Missenyi District,,,31.5517,-1.3308,31.5517,-1.3308,Missenyi District,31.35416,0.1975,-1.1009,-0.2299,ADM-2,3366,1/2/2017,1/5/2018,2020,FALSE
155,33293746,10.2471/BLT.20.253583,1.018669135,334,86,6,,,,,,,,,3,TaqMan PCR probe,0-2 years,,Tanzania,Mwanza Region,Misungwi District,,,33.1098,-2.8194,33.1098,-2.8194,Misungwi District,32.98883,0.1210,-3.07311,0.2537,ADM-2,4427,1/2/2017,1/5/2018,2020,FALSE
156,33293746,10.2471/BLT.20.253583,1.0377,76,23,1,,,,,,,,,,TaqMan PCR probe,0-2 years,,Tanzania,Singida Region,Mkalama District,,,34.4914,-4.0559,34.4914,-4.0559,Mkalama District,34.64477,-0.1534,-4.11374,0.0578,ADM-2,6862,1/2/2017,1/5/2018,2020,FALSE
157,33293746,10.2471/BLT.20.253583,1.01469258,155,34,2,,,,,,,,,,TaqMan PCR probe,0-2 years,,Tanzania,Kagera Region,Muleba District,,,31.6734,-2.3893,31.6734,-2.3893,Muleba District,31.537,0.1364,-1.8955,-0.4938,ADM-2,5459,1/2/2017,1/5/2018,2020,FALSE
158,33293746,10.2471/BLT.20.253583,1.036989572,352,103,4,,,,,,,,,2,TaqMan PCR probe,0-2 years,,Tanzania,Mara Region,Musoma District,,,33.7984,-1.5089,33.7984,-1.5089,Musoma District,33.80763,-0.0092,-1.53036,0.0215,ADM-2,8391,1/2/2017,1/5/2018,2020,FALSE
159,33293746,10.2471/BLT.20.253583,0.9985351563,53,10,1,,,,,,,,,,TaqMan PCR probe,0-2 years,,Tanzania,Kagera Region,Ngara District,,,30.7605,-2.5347,30.7605,-2.5347,Ngara District,30.666,0.0945,-2.63068,0.0960,ADM-2,2989,1/2/2017,1/5/2018,2020,FALSE
160,33293746,10.2471/BLT.20.253583,1.019557339,876,216,13,,,,,,,,,2,TaqMan PCR probe,0-2 years,,Tanzania,Mwanza Region,Nyamagana District,,,32.9066,-2.5249,32.9066,-2.5249,Nyamagana District,32.9663,-0.0597,-2.58286,0.0580,ADM-2,183,1/2/2017,1/5/2018,2020,FALSE
161,33293746,10.2471/BLT.20.253583,1.033057851,81,18,,,,,,,,,,,TaqMan PCR probe,0-2 years,,Tanzania,Geita Region,Nyang'hwale District,,,32.1349,-3.4085,32.1349,-3.4085,Nyang'hwale District,32.62775,-0.4928,-3.0856,-0.3229,ADM-2,5259,1/2/2017,1/5/2018,2020,FALSE
162,33293746,10.2471/BLT.20.253583,1.019384757,366,88,5,,,,,,,,,,TaqMan PCR probe,0-2 years,,Tanzania,Tabora Region,Nzega District,,,33.0708,-4.2098,33.0708,-4.2098,Nzega District,32.89868,0.1721,-4.39207,0.1823,ADM-2,10668,1/2/2017,1/5/2018,2020,FALSE
163,33293746,10.2471/BLT.20.253583,1.030660006,371,108,6,,,,,,,,,1,TaqMan PCR probe,0-2 years,,Tanzania,Mara Region,Rorya District,,,34.0207,-1.4531,34.0207,-1.9965,Rorya District,34.06414,-0.0434,-1.45308,-0.5434,ADM-2,5149,1/2/2017,1/5/2018,2020,FALSE
164,33293746,10.2471/BLT.20.253583,1.034225643,525,169,11,,,,,,,,,,TaqMan PCR probe,0-2 years,,Tanzania,Mwanza Region,Sengerema District,,,32.9176,-2.6025,32.9176,-2.6025,Sengerema District,32.62775,0.2899,-2.67725,0.0747,ADM-2,7086,1/2/2017,1/5/2018,2020,FALSE
165,33293746,10.2471/BLT.20.253583,1.009973488,73,15,1,,,,,,,,,,TaqMan PCR probe,0-2 years,,Tanzania,Mara Region,Serengeti District,,,34.7098,-2.3175,34.7098,-2.3175,Serengeti District,34.68565,0.0241,-1.8936,-0.4239,ADM-2,14763,1/2/2017,1/5/2018,2020,FALSE
166,33293746,10.2471/BLT.20.253583,1.011980437,543,137,12,,,,,,,,,,TaqMan PCR probe,0-2 years,,Tanzania,Shinyanga Region,Shinyanga District,,,33.1689,-3.4355,33.9241,-3.4355,Shinyanga District,33.16889,0.7552,-3.61432,0.1788,ADM-2,50781,1/2/2017,1/5/2018,2020,FALSE
167,33293746,10.2471/BLT.20.253583,1.046447681,182,50,,,,,,,,,,1,TaqMan PCR probe,0-2 years,,Tanzania,Tabora Region,Sikonge District,,,32.6121,-5.6354,32.6121,-5.6354,Sikonge District,32.75484,-0.1427,-5.6229,-0.0125,ADM-2,24860,1/2/2017,1/5/2018,2020,FALSE
168,33293746,10.2471/BLT.20.253583,1.018347107,267,60,3,,,,,,,,,,TaqMan PCR probe,0-2 years,,Tanzania,Singida Region,Singida District,,,34.6628,-4.8186,34.6628,-5.6266,Singida District,34.72988,-0.0671,-4.81858,-0.8080,ADM-2,49341,1/2/2017,1/5/2018,2020,FALSE
169,33293746,10.2471/BLT.20.253583,0.9946266475,288,53,6,,,,,,,,,,TaqMan PCR probe,0-2 years,,Tanzania,Tabora Region,Tabora District,,,32.8111,-4.8907,32.8111,-4.8907,Tabora District,32.81973,-0.0086,-5.04249,0.1518,ADM-2,76151,1/2/2017,1/5/2018,2020,FALSE
170,33293746,10.2471/BLT.20.253583,1.056268253,164,51,,,,,,,,,,,TaqMan PCR probe,0-2 years,,Tanzania,Mara Region,Tarime District,,,34.2515,-1.4166,34.2515,-1.4166,Tarime District,34.46418,-0.2127,-1.41408,-0.0025,ADM-2,13935,1/2/2017,1/5/2018,2020,FALSE
171,33293746,10.2471/BLT.20.253583,1.013096395,113,31,3,,,,,,,,,,TaqMan PCR probe,0-2 years,,Tanzania,Mwanza Region,Ukerewe District,,,33.0045,-2.0556,33.0045,-2.0556,Ukerewe District,33.03388,-0.0294,-2.02989,-0.0257,ADM-2,530,1/2/2017,1/5/2018,2020,FALSE
172,33293746,10.2471/BLT.20.253583,1.000696301,165,41,5,,,,,,,,,,TaqMan PCR probe,0-2 years,,Tanzania,Tabora Region,Urambo District,,,32.3786,-5.1058,32.3786,-5.1058,Urambo District,32.06954,0.3091,-5.07768,-0.0281,ADM-2,8494,1/2/2017,1/5/2018,2020,FALSE
173,33293746,10.2471/BLT.20.253583,1.00101856,80,13,1,,,,,,,,,,TaqMan PCR probe,0-2 years,,Tanzania,Kigoma Region,Uvinza District,,,30.3887,-5.1074,30.3887,-5.1074,Uvinza District,30.3839,0.0048,-5.10686,-0.0005,ADM-2,16800,1/2/2017,1/5/2018,2020,FALSE
174,33293746,10.2471/BLT.20.253583,1.021327643,220,63,5,,,,,,,,,,TaqMan PCR probe,0-2 years,,Tanzania,Tabora Region,Uyui District,,,33.3486,-5.0199,32.4215,-5.0199,Uyui District,33.34861,-0.9271,-5.14557,0.1257,ADM-2,12770,1/2/2017,1/5/2018,2020,FALSE
175,33425142,10.11604/pamj.2020.37.109.17864,1.0256,84,16,,,,,,,,,,,cellulose acetate haemoglobin electrophoretic,18-35 years,,Cameroon,Southwest Region,Fako Division,Buea Municipality,,9.2333,4.1500,9.2333,4.1500,Buea Municipality,9.263224,-0.0299,4.155966,-0.0060,ADM-3,216,1/1/2017,1/3/2017,2020,FALSE
176,31145786,10.1093/inthealth/ihz028,,,,,,,,369,52,2,,,5,isoelectric focusing,newborns,Muhimbili National Hospita Temeke Regional Hospital,Tanzania,Dar es Salaam,Ilala District,,,39.2804,-6.8028,39.2804,-6.8028,Ilala District,39.13355,0.1469,-6.92759,0.1248,ADM-2,273,1/1/2015,1/11/2016,2019,FALSE
177,31145786,10.1093/inthealth/ihz028,,,,,,,,486,52,3,,,2,isoelectric focusing,newborns,Muhimbili National Hospita Temeke Regional Hospital,Tanzania,Dar es Salaam,Kinondoni District,,,39.2946,-6.7540,39.2946,-6.7540,Kinondoni District,39.11274,0.1819,-6.70533,-0.0487,ADM-2,503,1/1/2015,1/11/2016,2019,FALSE
178,31145786,10.1093/inthealth/ihz028,,,,,,,,2355,347,24,,,16,isoelectric focusing,newborns,Muhimbili National Hospita Temeke Regional Hospital,Tanzania,Dar es Salaam,Temeke District,,,39.2775,-6.8797,39.2775,-6.8797,Temeke District,39.44503,-0.1675,-6.9488,0.0691,ADM-2,617,1/1/2015,1/11/2016,2019,FALSE
179,31145786,10.1093/inthealth/ihz028,,,,,,,,209,54,2,,,3,isoelectric focusing,newborns,Muhimbili National Hospita Temeke Regional Hospital,Tanzania,,,,,34.8888,-6.3754,34.8888,-6.3754,Tanzania,34.88882,0.0000,-6.36903,-0.0064,ADM-0,947303,1/1/2015,1/11/2016,2019,FALSE
180,34335138,10.3389/ijph.2021.629338,1.001546522,684,28,0,,,,,,,,,,isoelectric focusing,newborns,Kamuzu Central Hospital (KCH),Malawi,Dedza District,,,,34.3333,-14.3833,34.3333,-14.3833,Dedza District,34.24216,0.0911,-14.1895,-0.1938,ADM-1,3624,1/5/2018,1/12/2018,2021,FALSE
181,34335138,10.3389/ijph.2021.629338,1.004323513,341,24,0,,,,,,,,,,isoelectric focusing,newborns,Kamuzu Central Hospital (KCH),Malawi,Dowa District,,,,33.9377,-13.6553,33.9377,-13.6553,Dowa District,33.88577,0.0519,-13.6041,-0.0512,ADM-1,4346,1/5/2018,1/12/2018,2021,FALSE
182,34335138,10.3389/ijph.2021.629338,1.00945216,650,70,0,,,,,,,,,,isoelectric focusing,newborns,Kamuzu Central Hospital (KCH),Malawi,Kasungu,,,,33.4833,-13.0333,33.4833,-13.0333,Kasungu,33.47198,0.0113,-13.0357,0.0024,ADM-1,9952,1/5/2018,1/12/2018,2021,FALSE
183,34335138,10.3389/ijph.2021.629338,0.9997735654,4427,318,12,,,,,,,,,,isoelectric focusing,newborns,Kamuzu Central Hospital (KCH),Malawi,Lilongwe,,,,33.7833,-13.9833,33.7833,-13.9833,Lilongwe,33.77412,0.0092,-13.9626,-0.0207,ADM-1,6159,1/5/2018,1/12/2018,2021,FALSE
184,34335138,10.3389/ijph.2021.629338,1.007578072,1039,110,1,,,,,,,,,,isoelectric focusing,newborns,Kamuzu Central Hospital (KCH),Malawi,Mchinji,,,,32.9000,-13.8000,32.9000,-13.8000,Mchinji,32.89304,0.0070,-13.8,0.0000,ADM-1,3356,1/5/2018,1/12/2018,2021,FALSE
185,34335138,10.3389/ijph.2021.629338,1.005390162,366,29,0,,,,,,,,,,isoelectric focusing,newborns,Kamuzu Central Hospital (KCH),Malawi,Nkhotakota,,,,34.2960,-12.9275,34.2960,-12.9275,Nkhotakota,34.28105,0.0149,-12.9317,0.0042,ADM-1,4379,1/5/2018,1/12/2018,2021,FALSE
186,34335138,10.3389/ijph.2021.629338,0.9999467023,906,42,1,,,,,,,,,,isoelectric focusing,newborns,Kamuzu Central Hospital (KCH),Malawi,Ntcheu,,,,34.6333,-14.8167,34.6333,-14.8167,Ntcheu,34.63587,-0.0026,-14.822,0.0053,ADM-1,4373,1/5/2018,1/12/2018,2021,FALSE
187,34335138,10.3389/ijph.2021.629338,1.007951641,143,14,0,,,,,,,,,,isoelectric focusing,newborns,Kamuzu Central Hospital (KCH),Malawi,Ntchisi,,,,33.9333,-13.3667,33.9333,-13.3667,Ntchisi,34.00329,-0.0700,-13.382,0.0153,ADM-1,1782,1/5/2018,1/12/2018,2021,FALSE
188,34335138,10.3389/ijph.2021.629338,1.006409671,1218,106,0,,,,,,,,,,isoelectric focusing,newborns,Kamuzu Central Hospital (KCH),Malawi,Salima,,,,34.4600,-13.7800,34.4600,-13.7800,Salima,34.45864,0.0014,-13.7796,-0.0004,ADM-1,2196,1/5/2018,1/12/2018,2021,FALSE
189,32589979,10.1016/S2352-3026(20)30143-5,1.020823614,2774,740,51,34,4,,,,,,,,"SickleSCAN, HemoTypeSC and the gold standard HPLC",newborns,five primary health-care centres,Nigeria,Federal Capital Territory,Gwagwalada Area Council,,,7.5140,8.9510,7.5140,8.9510,Gwagwalada Area Council,7.082337,0.4317,8.954683,-0.0037,ADM-3,1065,14/7/2017,3/9/2019,2020,FALSE
190,35222587,10.4314/ahs.v21i3.33,1.045918367,77,21,,4,,,,,,,,,haemoglobin electrophoresis,19-44 years,University of Medical Sciences Teaching Hospital,Nigeria,Ondo State,,,,5.2282,7.1290,5.2282,7.1290,Ondo State,5.147814,0.0804,6.914868,0.2141,ADM-1,15500,5/2/2018,31/12/2018,2021,FALSE
191,34683121,10.3390/jpm11100980,0.9991052182,270644,5003,172,,,,,,,,,,"HPLC, hemoglobin (Hb) gel electrophoresis",NA,"Sabah area (Main Center), Ahmadi PMS (Mubarak Al-Kabeer Health Center), Farwaniya PMS (Menahi Al-Osaimi Health Center) and Jahra PMS (Al-Jahra Health Center)",Kuwait,,,,,47.5877,29.3343,47.5877,29.3343,Kuwait,47.48177,0.1059,29.31166,0.0226,ADM-0,17818,1/8/2009,1/8/2020,2021,FALSE
192,31523029,,1.032756871,1077,238,0,161,3,4,,,,,,,"capillary electrophoresis using Minicap, Sebia",18-25 years,May come from all over the country,Benin,,,,,2.3158,9.3077,2.3158,9.3077,Benin,2.315834,0.0000,9.30769,0.0000,ADM-0,,1/1/2016,12/31/2016,2019,FALSE
193,30724025,,0.9992507941,2608,9,1,,,,,,,,,,HPLC,newborns,Monza,Italy,Lombardia,,Monza,,9.2663,45.5858,9.2663,45.5858,Monza,9.274449,-0.0081,45.5845,0.0013,ADM-3,25,1/9/2016,31/8/2017,2018,FALSE
194,30724025,,0.9979949839,2790,28,3,,,,,,,,,,HPLC,newborns,Padova,Italy,,Padova,,,11.8887,45.4183,11.8887,45.4183,Padova,11.87676,0.0119,45.40643,0.0119,ADM-2,2500,2/5/2016,30/11/2017,2018,FALSE
195,32091272,10.1080/03630269.2020.1729175,1.000010213,3743,12,,,,,,,,,,,HPLC,20-55 years,Al Majma’ah,Saudi Arabia,Ar Riyad,Al Majma’ah,Al Majma’ah,,45.3811,25.8856,45.3811,25.8856,Al Majma’ah,45.37307,0.0080,25.87589,0.0097,ADM-2,150,1/10/2016,30/9/2019,2020,FALSE
196,32451712,10.1007/s00277-020-04044-z,0.9997344668,1043244,4827,151,,,,,,,,,,HPLC,newborns,Madrid,Spain,,Madrid,Madrid,,-3.6838,40.4166,-3.6838,40.4166,Madrid,-3.70379,0.0200,40.41678,-0.0002,ADM-3,700,1/5/2003,1/5/2018,2020,FALSE
197,32803850,10.1002/pbc.28620,1.049012977,645,315,39,,,,,,,,,,HemoTypeSC,newborns,Region served by Shirati hospital (map provided),Tanzania,North Mara,Rorya District,Shirati,,34.0341,-1.1543,34.0341,-1.1543,Shirati,34.03351,0.0005,-1.15426,0.0000,ADM-3,5,1/2/2019,30/9/2019,2020,FALSE
198,33193983,10.11604/pamj.2020.36.329.21478,1.000137115,422,5,,,,,,,,,,,Haemoglobin electrophoresis,18-64 years,Haute Matsiatra,Madagascar,Haute Matsiatra,,,,46.5990,-21.4015,46.5990,-21.4015,Haute Matsiatra,46.67053,-0.0715,-21.5408,0.1393,ADM-1,20000,1/1/2017,31/5/2017,2020,FALSE
199,33222570,10.1080/03630269.2020.1848859,1.011490428,2353,447,23,,,,,,,,,,Hb electrophoresis and or HPLC,NA,Dindori,India,Madhya Pradesh,Dindori,,,81.0767,22.9407,81.0767,22.9407,Dindori,81.07685,-0.0001,22.94179,-0.0011,ADM-2,5,1/1/2015,31/12/2017,2020,FALSE
200,33222570,10.1080/03630269.2020.1848859,1.00305623,327,49,3,,,,,,,,,,Hb electrophoresis and or HPLC,NA,Mandla,India,Madhya Pradesh,Mandla,,,80.3723,22.5994,80.3724,22.5994,Mandla,80.37139,0.0010,22.59792,0.0015,ADM-2,5,1/1/2015,31/12/2017,2020,FALSE
201,33222570,10.1080/03630269.2020.1848859,1.004700942,648,80,3,,,,,,,,,,Hb electrophoresis and or HPLC,NA,Chhindwara,India,Madhya Pradesh,Chhindwara,,,78.9376,22.0594,78.9376,22.0594,Chhindwara,78.93817,-0.0006,22.05744,0.0019,ADM-2,75,1/1/2015,31/12/2017,2020,FALSE
202,35463879,10.3389/fped.2022.826262,0.9874635658,781,59,8,2,0,,,,,,,,HPLC,1-16 years,Bissau,Guinea Bissau,Bissau,Bissau,Bissau,,-15.6116,11.8739,-15.6116,11.8739,Bissau,-15.5843,-0.0273,11.86322,0.0107,ADM-3,125,1/12/2012,31/12/2012,2022,FALSE
203,35480324,10.3389/fgene.2022.805709,1.018944444,252,47,1,,,,,,,,,,Sickle SCAN®,pregnant women,Dar es Salaam,Tanzania,Dar es Salaam,,,,39.2101,-6.7943,39.2101,-6.7943,Dar es Salaam,39.20833,0.0018,-6.79235,-0.0020,ADM-1,2500,1/8/2020,28/2/2021,2022,FALSE
204,33228681,10.1186/s12936-020-03500-5,1.022835004,664,131,2,101,6,4,18,,8,,,4,Isoelectric focusing (IEF) electrophoresis,1-12 years,several locations in the Volta region,Ghana,Volta region,,,,0.6700,6.1748,0.6700,6.1748,Volta region,0.450237,0.2198,6.578137,-0.4033,ADM-1,10000,1/12/2018,31/12/2018,2020,FALSE
205,35584443,10.31744/einstein_journal/2022AO6535,,,,,,,,34939,676,5,5,201,32,HPLC and others,newborns,Mato Grosso do Sul,Brazil,Mato Grosso do Sul,,,,-54.7584,-20.6417,-54.7584,-20.6417,Mato Grosso do Sul,-54.7852,0.0268,-20.7722,0.1305,ADM-1,360000,1/1/2019,31/12/2019,2022,FALSE