site	sample_name	Pf3D7_02_v3_629996_C_A	Pf3D7_02_v3_630290_A_T	Pf3D7_02_v3_631190_T_A	Pf3D7_02_v3_814288_C_T	Pf3D7_02_v3_814329_A_G	Pf3D7_04_v3_1121472_T_A	Pf3D7_04_v3_1122147_A_C	Pf3D7_11_v3_1057437_T_C	Pf3D7_11_v3_1058035_T_A	year	latitude	longitude
Agago	AG-02-47	C/C	A/A	T/T	C/C	A/A	A|A	C/C	T/T	T/T	2017	2.76092323839996	33.3124437127044
Agago	AG-04-11	C/C	A/A	T/T	T|T	G|G	A|A	C/C	C/C	A/A	2019	2.76092323839996	33.3124437127044
Agago	AG-04-12	C/C	A/A	T/T	C/T	A/G	A|A	A/A	T/T	T/T	2019	2.76092323839996	33.3124437127044
Agago	AG-04-13	C/C	A/A	T/T	C/C	A/A	A|A	C/C	T/T	T/T	2019	2.76092323839996	33.3124437127044
Agago	AG-04-40	C/C	A/A	T/T	T/T	G/G	A|A	C/C	C/C	A/A	2019	2.76092323839996	33.3124437127044
Agago	AG-05-01	C/C	A/A	T/T	C/C	A/A	A|A	C/C	T/T	T/T	2020	2.76092323839996	33.3124437127044
Agago	AG-05-02	A/A	T/T	A/A	T/T	G/G	A/A	C/C	T/C	T/A	2020	2.76092323839996	33.3124437127044
Agago	AG-05-13	A/A	T/T	A/A	T/T	G/G	A|A	C/C	C/C	A/A	2020	2.76092323839996	33.3124437127044
Agago	AG-05-15	C/C	A/A	T/T	C/C	A/A	A|A	C/C	T/T	T/T	2020	2.76092323839996	33.3124437127044
Agago	AG-05-22	C/C	A/A	T/T	T|T	G|G	A|A	A/A	T/T	T/T	2020	2.76092323839996	33.3124437127044
Agago	AG-05-23	C/C	A/A	T/T	C/C	A/A	A|A	A/A	T/T	T/T	2020	2.76092323839996	33.3124437127044
Agago	AG-05-24	C/C	A/A	T/T	C/C	A/A	T/T	A/A	T/T	T/T	2020	2.76092323839996	33.3124437127044
Agago	AG-05-27	C/C	A/A	T/T	C/C	A/A	A|A	A/A	T/T	T/T	2020	2.76092323839996	33.3124437127044
Agago	AG-05-41	C/C	A/A	T/T	C/C	A/A	A|A	C/C	T/T	T/T	2020	2.76092323839996	33.3124437127044
Agago	AG-05-47	C/C	A/A	T/T	C/C	A/A	A|A	C/C	C/C	A/A	2020	2.76092323839996	33.3124437127044
Agago	AG-05-48	C/C	A/A	T/T	C/C	A/A	A|A	C/C	T/T	T/T	2020	2.76092323839996	33.3124437127044
Agago	AG-05-49	C/C	A/A	T/T	C/C	A/A	A|A	C/C	T/T	T/T	2020	2.76092323839996	33.3124437127044
Agago	AG-05-56	C/C	A/A	T/T	C/C	A/A	A|A	C/C	T/T	T/T	2020	2.76092323839996	33.3124437127044
Agago	AG-05-59	A/A	T/T	T/T	T|T	G/G	A|A	C/C	C/C	A/A	2020	2.76092323839996	33.3124437127044
Agago	AG-05-63	C/C	A/A	T/T	T/T	G/G	A/A	C/C	C/C	A/A	2020	2.76092323839996	33.3124437127044
Agago	AG-05-77	C/C	A/A	T/T	C/C	A/A	T/T	C/C	T|C	T/T	2020	2.76092323839996	33.3124437127044
Agago	AG-05-81	C/C	A/A	T/T	C/C	A/A	A|A	C/C	T/T	T/T	2020	2.76092323839996	33.3124437127044
Agago	AG-05-89	C/C	A/A	T/T	C/C	A/A	A|A	C/C	T/T	T/T	2020	2.76092323839996	33.3124437127044
Agago	PAT-040	C/C	A/A	T/T	C/C	A/A	A|A	A/A	T/T	T/T	2021	2.76092323839996	33.3124437127044
Agago	PAT-043	C/C	A/A	T/T	C/C	A/A	A|A	C/C	T/T	T/T	2021	2.76092323839996	33.3124437127044
Agago	PAT-045	C/C	A/A	T/T	T/T	G/G	A|A	C|C	T/T	T/T	2021	2.76092323839996	33.3124437127044
Agago	PAT-046	C/C	A/A	T/T	C/C	A/A	A|A	C/C	T/T	T/T	2021	2.76092323839996	33.3124437127044
Agago	PAT-047	C/A	A/T	T/A	C/C	A/A	A|A	C/C	T/T	T/T	2021	2.76092323839996	33.3124437127044
Agago	PAT-048	C/C	A/A	T/T	C/C	A/A	A|A	C/C	T/T	T/T	2021	2.76092323839996	33.3124437127044
Agago	PAT-052	C/C	A/A	T/T	C/C	A/A	A|A	C/C	T/T	T/T	2021	2.76092323839996	33.3124437127044
Agago	PAT-056	C/C	A/A	T/T	C/C	A/A	A|A	C/C	T/T	T/T	2021	2.76092323839996	33.3124437127044
Agago	PAT-061	C/C	A/A	T/T	C/T	A/G	A|A	C/C	T/T	T/T	2021	2.76092323839996	33.3124437127044
Agago	PAT-063	C/A	A/T	T/T	C/T	A/G	A|A	A/C	T/T	T/T	2021	2.76092323839996	33.3124437127044
Agago	PAT-064	C/C	A/A	T/T	C/C	A/A	A|A	C/C	T/T	T/T	2021	2.76092323839996	33.3124437127044
Agago	PAT-068	C/A	A/A	T/T	C/C	A/A	T/T	C/C	T/T	T/T	2022	2.76092323839996	33.3124437127044
Agago	PAT-071	C/C	A/A	T/T	C/C	A/A	A|A	C/C	T/T	T/T	2022	2.76092323839996	33.3124437127044
Agago	PAT-077	C/C	A/A	T/T	C/C	A/A	T/T	C/C	T/T	T/T	2022	2.76092323839996	33.3124437127044
Agago	PAT-097	A/A	T/T	A/A	T/T	G/G	T/T	A/A	T/T	T/T	2022	2.76092323839996	33.3124437127044
Agago	PAT-118	C/C	A/A	T/T	C/C	A/A	A|A	C/C	T/T	T/T	2022	2.76092323839996	33.3124437127044
Agago	PAT-133	C/C	A/A	T/T	C|T	A/G	T/T	A/A	T/T	T/T	2022	2.76092323839996	33.3124437127044
Agago	PAT-005-P2-D7	C/C	A/A	T/T	C/C	A/A	A|A	C/C	T/T	T/T	2021	2.76092323839996	33.3124437127044
Agago	PAT-006-P2-E7	C/C	A/A	T/T	C/C	A/A	A|A	C/C	T/T	T/T	2021	2.76092323839996	33.3124437127044
Agago	PAT-007-P2-B8	C/C	A/A	T/T	C/C	A/A	A|A	C/C	T/T	T/T	2021	2.76092323839996	33.3124437127044
Agago	PAT-009-P2-E2	C/C	A/A	T/T	C/C	A/A	A|A	C/C	T/T	T/T	2021	2.76092323839996	33.3124437127044
Agago	PAT-010-P2-A11	A/A	T/T	A/A	C/T	A/G	A|A	C/C	T|C	T/A	2021	2.76092323839996	33.3124437127044
Agago	PAT-011-P2-A3	C/C	A/A	T/T	C/C	A/A	A|A	A/A	T/T	T/T	2021	2.76092323839996	33.3124437127044
Agago	PAT-013-P2-H8	C/C	A/A	T/T	C/C	A/A	A|A	C/C	T/T	T/T	2021	2.76092323839996	33.3124437127044
Agago	PAT-014-P2-H7	C/C	A/A	T/T	C/C	A/A	A|A	C/C	T/T	T/T	2021	2.76092323839996	33.3124437127044
Agago	PAT-015-P2-H4	C/C	A/A	T/T	C/C	A/A	A|A	C/C	T/T	T/T	2021	2.76092323839996	33.3124437127044
Agago	PAT-016-P2-C2	C/C	A/A	T/T	C/C	A/A	A|A	C/C	T/T	T/T	2021	2.76092323839996	33.3124437127044
Agago	PAT-017-P2-D2	A/A	T/T	A/A	C/C	A/A	A|A	A/C	C/C	A/A	2021	2.76092323839996	33.3124437127044
Agago	PAT-018	C/C	A/A	T/T	C/C	A/A	A|A	A/A	T/T	T/T	2021	2.76092323839996	33.3124437127044
Agago	PAT-019-P2-F6	A/A	T/T	A/A	T|T	G/G	A|A	C/C	C/C	A/A	2021	2.76092323839996	33.3124437127044
Agago	PAT-020-P2-H6	C/C	A/A	A/A	C/C	A/A	A|A	C/C	T/T	T/T	2021	2.76092323839996	33.3124437127044
Agago	PAT-022-P2-G7	A/A	T/T	A/A	T|T	G/G	A|A	C/C	C/C	A/A	2021	2.76092323839996	33.3124437127044
Agago	PAT-024-P2-B10	A/A	T/T	A/A	T/T	G/G	A/A	C/C	C/C	A/A	2021	2.76092323839996	33.3124437127044
Agago	PAT-025	C/C	A/A	T/T	C/C	A/A	A|A	C/C	T/T	T/T	2021	2.76092323839996	33.3124437127044
Agago	PAT-027-P2-H3	C/C	A/A	T/T	C/T	A/G	A|A	A/C	T/T	T/T	2021	2.76092323839996	33.3124437127044
Agago	PAT-028	C/C	A/A	T/T	C/C	A/A	A|A	C/C	T/T	T/T	2021	2.76092323839996	33.3124437127044
Agago	PAT-029-P2-E8	A/A	T/T	T/T	T|T	G/G	A|A	C/C	C/C	A/A	2021	2.76092323839996	33.3124437127044
Agago	PAT-030	C/C	A/A	T/T	C/C	A/A	A|A	A|C	T/T	T/T	2021	2.76092323839996	33.3124437127044
Agago	PAT-037-P2-A4	C/C	A/A	T/T	C|T	A/G	A|A	A/A	T/C	A/A	2021	2.76092323839996	33.3124437127044
Agago	PAT-039	C/C	A/A	T/T	C/C	A/A	A|A	C/C	T/T	T/T	2021	2.76092323839996	33.3124437127044
Agago	PAT-137	C/C	A/A	T/T	C/T	A/G	A|A	C/C	T/T	T/T	2022	2.76092323839996	33.3124437127044
Busia	MAS-173	C/C	A/A	T/T	C/C	A/G	A|A	C|C	T/T	T/T	2018	0.47133311204458	34.0890880465456
Busia	MAS-190	C/C	A/A	T/T	C/C	A/A	A|A	C/C	T/T	T/T	2018	0.47133311204458	34.0890880465456
Busia	MAS-258	C/A	A/A	T/T	C/T	A/G	A|A	A/C	T/T	T/T	2018	0.47133311204458	34.0890880465456
Busia	MAS-161	C/C	A/A	T/T	C/C	A/A	A|A	A|C	T/T	T/T	2018	0.47133311204458	34.0890880465456
Busia	MAS-368	C/C	A/A	T/T	C/C	A/A	A|A	C/C	T/T	T/T	2019	0.47133311204458	34.0890880465456
Hoima	HO-05-02	C/C	A/A	T/T	C|T	A/G	A|A	A/A	T/C	T/A	2020	1.62334289694041	31.3124257113269
Hoima	HO-05-05	C/C	A/A	T/T	C/C	A/A	A|A	A/C	T/T	T/T	2020	1.62334289694041	31.3124257113269
Hoima	HO-05-06	C/C	A/A	T/T	C/C	A/A	A|A	C/C	T/T	T/T	2020	1.62334289694041	31.3124257113269
Hoima	HO-05-08	C/C	A/A	T/T	T/T	G/G	A|A	A/C	T/C	A/A	2020	1.62334289694041	31.3124257113269
Hoima	HO-05-03	C/C	A/A	T/T	T|T	G|G	A|A	A/A	T/C	T/A	2020	1.62334289694041	31.3124257113269
Hoima	HO-05-38	C/C	A/A	T/T	C/C	A/A	A|A	C/C	T/T	T/T	2020	1.62334289694041	31.3124257113269
Hoima	HO-05-45	C/C	A/A	T/T	T/T	A/G	A|A	C/C	T/T	T/T	2020	1.62334289694041	31.3124257113269
Hoima	HO-05-46	C/C	A/A	T/T	C/T	A/G	A|A	C/C	T/T	T/T	2020	1.62334289694041	31.3124257113269
Hoima	HO-05-10	C/C	A/A	T/T	C/C	A/A	A|A	A/A	T/T	T/T	2020	1.62334289694041	31.3124257113269
Hoima	HO-05-49	C/C	A/A	T/T	C/C	A/A	A|A	C/C	T/T	T/T	2020	1.62334289694041	31.3124257113269
Hoima	HO-05-50	C/C	A/A	T/T	C/C	A/A	A|A	C/C	T/T	T/T	2020	1.62334289694041	31.3124257113269
Hoima	HO-05-47	C/C	A/A	T/T	C/T	A/G	A|A	C/C	T/T	T/T	2020	1.62334289694041	31.3124257113269
Kaabong	KBG-04-03	C/C	A/A	T/T	C/C	A/A	A|A	A/A	T/T	T/T	2019	3.59406061342375	34.1415261187302
Kaabong	KBG-04-05	A/A	T/T	A/A	T|T	G|G	A/A	C/C	C/C	A/A	2019	3.59406061342375	34.1415261187302
Kaabong	KBG-04-26	C/C	A/A	T/T	C/C	A/A	A|A	A/A	T/T	T/T	2019	3.59406061342375	34.1415261187302
Kaabong	KBG-04-35	C/C	A/A	T/T	C/C	A/A	A|A	C/C	T/T	T/T	2019	3.59406061342375	34.1415261187302
Kaabong	KBG-04-46	C/C	A/A	T/T	C/C	A/A	A|A	C|C	T/T	T/T	2019	3.59406061342375	34.1415261187302
Kaabong	KBG-04-24	C/A	T/T	A/A	T/T	G/G	A|A	C/C	C/C	A/A	2019	3.59406061342375	34.1415261187302
Kaabong	KBG-05-30	A/A	T/T	A/A	C/C	A/A	A|A	C/C	T/T	T/T	2020	3.59406061342375	34.1415261187302
Kaabong	KBG-05-56	C/C	A/A	T/T	C/C	A/A	T/T	A/C	T/T	T/T	2020	3.59406061342375	34.1415261187302
Kaabong	KBG-05-57	C/C	A/A	T/T	C/C	A/A	A|A	C/C	T/T	T/T	2020	3.59406061342375	34.1415261187302
Kaabong	KBG-05-13	C/C	A/A	T/T	C/C	A/A	A|A	C/C	T/T	T/T	2020	3.59406061342375	34.1415261187302
Kaabong	KBG-05-73	C/C	A/A	T/T	C|T	A|G	A|A	C/C	T/T	T/T	2020	3.59406061342375	34.1415261187302
Kaabong	KBG-05-80	C/C	A/A	T/T	C/C	A/A	A|A	C/C	T/T	T/T	2020	3.59406061342375	34.1415261187302
Kaabong	KBG-05-84	C/C	A/A	T/T	C/C	A/A	A|A	C/C	T/T	T/T	2020	3.59406061342375	34.1415261187302
Kaabong	KBG-05-65	C/C	A/A	T/T	C/C	A/A	A|A	A/A	C/C	A|A	2020	3.59406061342375	34.1415261187302
Kanungu	KN-05-08	C/C	A/A	T/T	T|T	G|G	A|A	C/C	T/T	T/T	2020	-0.747990213102146	29.6974504057787
Kanungu	KN-05-55	C/C	A/A	T/T	C/C	A/A	A|A	A/A	T/T	T/T	2020	-0.747990213102146	29.6974504057787
Kanungu	KN-05-83	C/C	A/A	T/T	T|T	G|G	A/A	C/C	T/T	T/T	2020	-0.747990213102146	29.6974504057787
Kanungu	KN-05-77	C/C	A/A	T/T	C/C	A/A	A|A	A/C	T/T	T/T	2020	-0.747990213102146	29.6974504057787
Katakwi	KTK-04-09	C/C	A/A	T/T	C/C	A/A	A|A	C/C	T/T	T/T	2019	1.75645441209565	33.9847939694943
Katakwi	KTK-04-17	C/C	A/A	T/T	C/C	A/A	A|A	C/C	T/T	T/T	2019	1.75645441209565	33.9847939694943
Katakwi	KTK-04-18	C/C	A/A	T/T	C/C	A/A	A|A	C/C	T/T	T/T	2019	1.75645441209565	33.9847939694943
Katakwi	KTK-04-34	C/C	A/A	T/T	C/C	A/A	A|A	A/A	T/T	T/T	2019	1.75645441209565	33.9847939694943
Katakwi	KTK-04-45	C/C	A/A	T/T	C/C	A/A	A|A	C/C	T/T	T/T	2019	1.75645441209565	33.9847939694943
Katakwi	KTK-05-05	C/C	A/A	T/T	C/C	A/A	A|A	C/C	T/T	T/T	2020	1.75645441209565	33.9847939694943
Katakwi	KTK-04-27	C/C	A/A	T/T	C/C	A/A	A|A	C/C	T/T	T/T	2019	1.75645441209565	33.9847939694943
Katakwi	KTK-05-21	C/C	A/A	T/T	C/C	A/A	A|A	C/C	T/T	T/T	2020	1.75645441209565	33.9847939694943
Katakwi	KTK-05-22	C/C	A/A	T/T	C/C	A/A	A|A	C/C	T/T	T/T	2020	1.75645441209565	33.9847939694943
Katakwi	KTK-05-28	C/C	A/A	T/T	C/C	A/A	T/T	A/A	T/T	T/T	2020	1.75645441209565	33.9847939694943
Katakwi	KTK-05-20	C/C	A/A	T/T	C/C	A/A	A|A	A/A	T/T	T/T	2020	1.75645441209565	33.9847939694943
Katakwi	KTK-05-46	C/C	A/A	T/T	C/C	A/A	A|A	C/C	T/T	T/T	2020	1.75645441209565	33.9847939694943
Katakwi	KTK-05-55	C/C	A/A	T/T	C/C	A/A	A|A	C/C	T/T	T/T	2020	1.75645441209565	33.9847939694943
Katakwi	KTK-05-56	C/C	A/A	T/T	C/C	A/A	A|A	C/C	T/T	T/T	2020	1.75645441209565	33.9847939694943
Katakwi	KTK-05-66	C/A	A/T	T/A	C/T	A/G	A|A	A/A	T/C	T/A	2020	1.75645441209565	33.9847939694943
Katakwi	KTK-05-77	C/C	A/A	T/T	C/C	A/A	A|A	C/C	C/C	A/A	2020	1.75645441209565	33.9847939694943
Katakwi	KTK-05-79	C/C	A/A	T/T	C/C	A/A	A|A	C/C	T/T	T/T	2020	1.75645441209565	33.9847939694943
Katakwi	KTK-05-97	C/C	A/A	T/T	T|T	G/G	A|A	C/C	T/T	T/T	2020	1.75645441209565	33.9847939694943
Katakwi	KTK-05-45	C/C	A/A	T/T	C/C	A/A	A|A	A/A	T/T	T/T	2020	1.75645441209565	33.9847939694943
Kole	KO-05-14	C/C	A/A	T/T	C/C	A/A	A|A	A/A	T/T	T/T	2020	2.34862739477626	32.6830847801087
Kole	KO-05-24	C/C	A/A	T/T	C/C	A/A	A|A	C/C	C/C	A/A	2020	2.34862739477626	32.6830847801087
Kole	KO-05-31	C/C	A/A	T/T	C/C	A/G	A|A	A/A	T/T	T/T	2020	2.34862739477626	32.6830847801087
Kole	KO-05-46	C/C	A/A	T/T	C/C	A/A	A|A	C/C	T/T	T/T	2020	2.34862739477626	32.6830847801087
Kole	KO-05-53	C/C	A/A	T/T	C/C	A/A	A|A	C/C	T/T	T/T	2020	2.34862739477626	32.6830847801087
Kole	KO-05-29	C/C	A/A	T/T	C/T	A/G	A|A	A/A	T/T	T/T	2020	2.34862739477626	32.6830847801087
Kole	KO-05-75	A/A	T/T	A/A	T|T	G/G	A|A	C/C	C/C	A/A	2020	2.34862739477626	32.6830847801087
Kole	KO-05-70	C/C	A/A	A/A	T|T	G/G	T/T	C/C	C/C	A/A	2020	2.34862739477626	32.6830847801087
Lamwo	LA-02-02	C/C	A/A	T/T	T|T	G/G	A|A	C/C	T/C	T/A	2017	3.48829777510873	32.8212319308382
Lamwo	LA-02-24	C/C	A/A	T/T	T/T	G/G	A|A	C/C	T/T	T/T	2017	3.48829777510873	32.8212319308382
Lamwo	LA-02-32	C/C	A/A	T/T	C/C	A/A	A|A	C/C	T/T	T/T	2017	3.48829777510873	32.8212319308382
Lamwo	LA-02-41	C/C	A/A	T/T	C|T	A/G	A|A	C/C	T/C	T/A	2017	3.48829777510873	32.8212319308382
Lamwo	LA-02-04	C/C	A/A	T/T	C/C	A/A	A|A	C/C	T/T	T/T	2017	3.48829777510873	32.8212319308382
Lamwo	LA-02-47	A/A	T/T	A/A	T|T	G/G	A|A	A/A	C/C	A/A	2017	3.48829777510873	32.8212319308382
Lamwo	LA-04-32	C/C	A/A	T/T	C/C	A/A	A|A	C/C	T/T	T/T	2019	3.48829777510873	32.8212319308382
Lamwo	LA-04-43	C/C	A/A	T/T	C/C	A/A	A/A	C|C	T/T	T/T	2019	3.48829777510873	32.8212319308382
Lamwo	LA-05-01	C/C	A/A	T/T	C/C	A/A	A|A	A/A	T/T	T/T	2020	3.48829777510873	32.8212319308382
Lamwo	LA-05-07	C/C	A/A	T/T	C|T	A/G	A|A	C/C	T/T	T/T	2020	3.48829777510873	32.8212319308382
Lamwo	LA-05-10	A/A	T/T	A/A	T/T	G/G	A|A	C/C	C/C	A/A	2020	3.48829777510873	32.8212319308382
Lamwo	LA-05-17	C/C	A/A	T/T	C/C	A/A	A|A	C/C	C/C	A/A	2020	3.48829777510873	32.8212319308382
Lamwo	LA-05-23	C/C	A/A	T/T	C/C	A/A	A|A	C/C	T/T	T/T	2020	3.48829777510873	32.8212319308382
Lamwo	LA-05-25	A/A	T/T	A/A	C/C	A/A	A|A	C/C	T/C	T/A	2020	3.48829777510873	32.8212319308382
Lamwo	LA-05-30	C/C	A/A	T/T	C/C	A/A	A|A	C/C	T/T	T/T	2020	3.48829777510873	32.8212319308382
Lamwo	LA-05-36	C/C	A/A	T/T	C/C	A/A	A|A	C/C	T/T	T/T	2020	3.48829777510873	32.8212319308382
Lamwo	LA-05-39	C/C	A/A	T/T	C/C	A/A	A|A	C/C	T/T	T/T	2020	3.48829777510873	32.8212319308382
Lamwo	LA-05-40	C/A	T/T	A/A	C/C	A/A	A|A	A/A	C/C	A/A	2020	3.48829777510873	32.8212319308382
Lamwo	LA-05-52	A/A	T/T	A/A	C/C	A/A	A|A	A/C	T/C	A/A	2020	3.48829777510873	32.8212319308382
Lamwo	LA-05-54	C/C	A/T	T/T	C/C	A/A	A|A	A/A	T/T	T/T	2020	3.48829777510873	32.8212319308382
Lamwo	LA-05-55	C/C	A/A	T/T	C/C	A/A	A|A	C/C	T/T	T/T	2020	3.48829777510873	32.8212319308382
Lamwo	LA-05-57	C/C	A/A	T/T	C/C	A/A	A|A	A/A	T/T	T/T	2020	3.48829777510873	32.8212319308382
Lamwo	LA-05-59	C/C	A/A	T/T	C/C	A/A	A|A	C/C	T/T	T/T	2020	3.48829777510873	32.8212319308382
Lamwo	LA-05-66	A/A	T/T	A/A	T|T	G/G	A|A	C/C	C/C	A/A	2020	3.48829777510873	32.8212319308382
Lamwo	LA-05-70	C/A	A/T	T/T	C|T	A/A	A|A	A/C	T/T	T/T	2020	3.48829777510873	32.8212319308382
Lamwo	LA-05-74	C/C	A/A	T/T	C/C	A/A	A|A	C/C	T/T	T/T	2020	3.48829777510873	32.8212319308382
Lamwo	LA-05-75	C/C	A/A	T/T	C/C	A/A	A|A	C/C	T/T	T/T	2020	3.48829777510873	32.8212319308382
Lamwo	LA-05-79	C/C	A/A	T/T	C/C	A/A	A|A	C/C	T/T	T/T	2020	3.48829777510873	32.8212319308382
Lamwo	LA-05-86	C/C	A/A	T/T	C/C	A/A	A|A	C/C	T/T	T/T	2020	3.48829777510873	32.8212319308382
Lamwo	LA-05-89	A/A	T/T	A/A	T/T	G/G	A|A	C/C	C/C	T/A	2020	3.48829777510873	32.8212319308382
Lamwo	LA-05-94	C/C	A/A	T/T	C/C	A/A	A|A	C/C	T/T	T/T	2020	3.48829777510873	32.8212319308382
Lamwo	LA-05-99	A/A	T/T	A/A	C|T	A/G	A|A	C/C	T/C	A/A	2020	3.48829777510873	32.8212319308382
Lamwo	LA-02-43	C/C	A/A	T/T	C/C	A/A	A|A	C/C	T/T	T/T	2017	3.48829777510873	32.8212319308382
Mbale	BUS-013	C/C	A/A	T/T	C/T	A/G	A|A	A/C	T/T	T/T	2021	1.06441684657112	34.219308756332
Mbale	BUS-023-P2-F2	C/C	A/A	T/T	C/C	A/A	A|A	A/A	T/C	T/T	2021	1.06441684657112	34.219308756332
Mbale	BUS-024-P2-A6	C/C	A/A	T/T	C/C	A/A	A|A	C/C	T/T	T/T	2021	1.06441684657112	34.219308756332
Mbale	BUS-008	C/A	A|T	T/A	C|T	A/G	A|A	A/C	T/C	T/A	2021	1.06441684657112	34.219308756332
Mbale	BUS-032	C/C	A/A	T/T	C|T	A|G	A|A	A/A	T/T	T/T	2021	1.06441684657112	34.219308756332
Mbale	BUS-041	A/A	T/T	A/A	T|T	G/G	A|A	C/C	T/T	A/A	2021	1.06441684657112	34.219308756332
Mbale	BUS-101	C/C	A/A	T/T	C/T	A/G	A|A	C/C	T/T	T/T	2022	1.06441684657112	34.219308756332
Mbale	BUS-025	C/C	A/A	T/T	C/C	A/A	A|A	C/C	T/T	T/T	2021	1.06441684657112	34.219308756332
Mubende	MU-05-05	C/C	A/A	T/T	C/C	A/A	A|A	C/C	T/C	T/A	2020	0.363405687779321	31.5871402606022
Mubende	MU-05-09	C/C	A/A	T/T	C/C	A/A	A|A	A/A	T/T	T/T	2020	0.363405687779321	31.5871402606022
Mubende	MU-05-10	A/A	T/T	A/A	C/C	A/A	A|A	A/A	C/C	A/A	2020	0.363405687779321	31.5871402606022
Mubende	MU-05-56	C/C	A/A	T/T	T|T	G/G	A|A	C/C	T/T	T/T	2020	0.363405687779321	31.5871402606022
Mubende	MU-05-77	C/C	A/A	T/T	T|T	G|G	A|A	C|C	T/T	T/T	2020	0.363405687779321	31.5871402606022
Mubende	MU-05-83	C/C	A/A	T/T	T/T	G/G	A|A	A/A	C/C	A/A	2020	0.363405687779321	31.5871402606022
Mubende	MU-05-14	C/C	A/A	T/T	T/T	G/G	A|A	A/A	C/C	A/A	2020	0.363405687779321	31.5871402606022
Rukiga	KB-05-02	C/C	A/A	T/T	C/C	A/A	A|A	A/A	T/T	T/T	2020	-1.20471038459545	30.2044506094844
Rukiga	KB-05-04	C/C	A/A	T/T	C/C	A/A	A|A	C/C	T/T	T/T	2020	-1.20471038459545	30.2044506094844
Rukiga	KB-05-05	C/C	A/A	T/T	C/C	A/A	A|A	C/C	T/T	T/T	2020	-1.20471038459545	30.2044506094844
Rukiga	KB-05-13	C/C	A/A	T/T	C/C	A/A	A|A	C/C	T/T	T/T	2020	-1.20471038459545	30.2044506094844
Rukiga	KB-05-16	C/C	A/A	T/T	C/C	A/A	A|A	A/A	T/T	T/T	2020	-1.20471038459545	30.2044506094844
Rukiga	KB-05-21	C/C	A/A	T/T	T/T	G/G	A|A	A/A	T/T	T/T	2020	-1.20471038459545	30.2044506094844
Rukiga	KB-05-09	C/C	A/A	T/T	C/C	A/A	A|A	C/C	T/T	T/T	2020	-1.20471038459545	30.2044506094844
Rukiga	KB-05-35	C/C	A/A	T/T	T|T	G/G	A|A	C/C	T/T	T/T	2020	-1.20471038459545	30.2044506094844
Rukiga	KB-05-38	A/A	T/T	A/A	T/T	G/G	A|A	C/C	C/C	A/A	2020	-1.20471038459545	30.2044506094844
Rukiga	KB-05-41	C/C	A/A	T/T	C/C	A/A	A|A	A/C	T/T	T/T	2020	-1.20471038459545	30.2044506094844
Rukiga	KB-05-33	A/A	T/T	A/A	T/T	G/G	A|A	C/C	C/C	A/A	2020	-1.20471038459545	30.2044506094844
Rukiga	KB-05-44	C/C	A/A	T/T	C/C	A/A	A|A	C/C	T/T	T/T	2020	-1.20471038459545	30.2044506094844
Rukiga	KB-06-03	C/C	A/A	T/T	C|T	G/G	T/T	A/C	T/T	T/T	2021	-1.20471038459545	30.2044506094844
Rukiga	KB-06-04	C/C	A/A	T/T	T|T	G/G	A|A	A/A	T/T	T/T	2021	-1.20471038459545	30.2044506094844
Rukiga	KB-06-09	A|A	T/T	A/A	T/T	G/G	A|A	A/A	C/C	A/A	2021	-1.20471038459545	30.2044506094844
Rukiga	KB-06-40	C/C	A/A	T/T	T|T	G/G	A|A	C/C	T/T	T/T	2021	-1.20471038459545	30.2044506094844
Rukiga	KB-06-48	C/C	A/A	T/T	C/T	A/G	A|A	A/A	T/T	T/A	2021	-1.20471038459545	30.2044506094844
Rukiga	KB-06-67	C/C	A/A	T/T	C|T	A/G	A|A	A/C	T/C	A/A	2021	-1.20471038459545	30.2044506094844
Rukiga	KB-06-78	C/C	A/A	T/T	T|T	G/G	A|A	C/C	T/T	T/T	2021	-1.20471038459545	30.2044506094844
Rukiga	KB-06-85	C/C	A/A	T/T	C/C	A/A	T/T	A/A	T/T	T/T	2021	-1.20471038459545	30.2044506094844
Rukiga	KB-07-005	C/C	A/A	T/T	T|T	G/G	A|A	A/A	T/T	T/T	2022	-1.20471038459545	30.2044506094844
Rukiga	KB-07-008	C/C	A/A	T/T	C/C	A/A	T/T	A/A	T/T	T/T	2022	-1.20471038459545	30.2044506094844
Rukiga	KB-07-013	C/C	A/A	T/T	C/C	A/A	A|A	C/C	T/T	T/T	2022	-1.20471038459545	30.2044506094844
Rukiga	KB-05-42	C/C	A/A	T/T	C/C	A/A	A|A	A/A	T/T	T/T	2020	-1.20471038459545	30.2044506094844
Rukiga	KB-07-046	C/C	A/A	T/T	C|T	A/G	A|A	C/C	T/T	T/T	2022	-1.20471038459545	30.2044506094844
Rukiga	KB-07-094	C/C	A/A	T/T	T|T	G/G	A|A	A/C	T/T	T/T	2022	-1.20471038459545	30.2044506094844
Rukiga	KB-07-029	C/C	A/A	T/T	T|T	G/G	A|A	A/A	T/T	T/T	2022	-1.20471038459545	30.2044506094844
Tororo	PBC-261-12Feb21	C/C	A/A	T/T	C/C	A/A	A|A	C/C	T/T	T/T	2021	0.769895936214891	34.0259835092734
Tororo	PBC-403-13Ju21	C/C	A/A	T/T	C/C	A/A	A|A	C/C	T/T	T/T	2021	0.769895936214891	34.0259835092734
Tororo	TDH-103	C/C	A/A	T/T	C|T	A/G	A|A	A/C	T/T	T/T	2019	0.769895936214891	34.0259835092734
Tororo	TDH-107	C/C	A/A	T/T	C|T	A/G	A|A	C/C	T/T	T/T	2019	0.769895936214891	34.0259835092734
Tororo	TDH-108	C/C	A/A	T/T	C/C	A/A	A|A	A/C	T/T	T/T	2019	0.769895936214891	34.0259835092734
Tororo	TDH-173-P2-B11	A/A	T/T	A/A	T/T	G/G	A|A	C/C	C/C	A/A	2021	0.769895936214891	34.0259835092734
Tororo	TDH-174	C/C	A/A	T/T	C/C	A/A	A|A	C/C	T/T	T/T	2021	0.769895936214891	34.0259835092734
Tororo	TDH-190-P2-H2	A/A	T/T	A/A	T|T	G/G	A|A	A/A	C/C	A/A	2021	0.769895936214891	34.0259835092734
Tororo	TDH-191-P2-G8	C/C	A/A	T/T	C/C	A/A	A|A	C/C	T/T	T/T	2021	0.769895936214891	34.0259835092734
Tororo	TDH-205	C/C	A/A	T/T	T/T	G/G	A|A	A/A	T/T	T/T	2021	0.769895936214891	34.0259835092734
